,WL_x
0,0
1,1
2,0
3,0
4,1
5,1
6,0
7,1
8,0
9,0
10,1
11,0
12,1
13,1
14,1
15,1
16,1
17,1
18,1
19,0
20,0
21,1
22,0
23,0
24,0
25,0
26,0
27,1
28,1
29,1
30,0
31,1
32,1
33,1
34,1
35,1
36,0
37,1
38,1
39,1
40,1
41,1
42,0
43,0
44,1
45,1
46,1
47,1
48,0
49,1
50,0
51,1
52,0
53,1
54,0
55,1
56,0
57,0
58,1
59,1
60,0
61,0
62,1
63,1
64,1
65,0
66,1
67,0
68,0
69,0
70,0
71,0
72,1
73,0
74,1
75,0
76,0
77,0
78,0
79,1
80,0
81,1
82,0
83,1
84,1
85,0
86,1
87,0
88,1
89,0
90,1
91,1
92,1
93,1
94,0
95,0
96,0
97,1
98,0
99,1
100,0
101,1
102,0
103,1
104,0
105,0
106,1
107,1
108,0
109,1
110,1
111,0
112,1
113,0
114,0
115,0
116,1
117,0
118,1
119,1
120,1
121,1
122,0
123,1
124,0
125,1
126,1
127,0
128,0
129,0
130,0
131,1
132,0
133,1
134,1
135,0
136,1
137,1
138,1
139,0
140,1
141,0
142,1
143,1
144,0
145,1
146,1
147,1
148,1
149,1
150,1
151,1
152,0
153,0
154,0
155,0
156,1
157,1
158,1
159,0
160,1
161,1
162,0
163,1
164,1
165,1
166,1
167,1
168,1
169,1
170,1
171,0
172,1
173,1
174,1
175,0
176,1
177,1
178,1
179,0
180,0
181,0
182,1
183,1
184,0
185,0
186,0
187,0
188,1
189,1
190,0
191,1
192,1
193,0
194,0
195,1
196,0
197,1
198,1
199,0
200,1
201,0
202,1
203,0
204,0
205,1
206,1
207,1
208,1
209,1
210,1
211,1
212,0
213,1
214,0
215,1
216,0
217,0
218,0
219,1
220,1
221,0
222,0
223,1
224,0
225,1
226,1
227,1
228,0
229,1
230,0
231,1
232,0
233,0
234,0
235,1
236,1
237,1
238,0
239,1
240,0
241,1
242,1
243,1
244,1
245,0
246,1
247,1
248,1
249,1
250,0
251,0
252,1
253,1
254,1
255,0
256,0
257,1
258,1
259,1
260,0
261,1
262,0
263,0
264,1
265,0
266,1
267,0
268,1
269,1
270,1
271,0
272,0
273,0
274,0
275,1
276,0
277,1
278,0
279,1
280,1
281,0
282,0
283,1
284,0
285,1
286,0
287,1
288,1
289,1
290,0
291,1
292,1
293,0
294,1
295,1
296,0
297,0
298,0
299,1
300,1
301,0
302,1
303,0
304,0
305,1
306,1
307,1
308,1
309,1
310,1
311,1
312,0
313,0
314,1
315,1
316,1
317,0
318,1
319,0
320,0
321,1
322,0
323,1
324,0
325,1
326,1
327,1
328,0
329,1
330,0
331,1
332,1
333,1
334,0
335,1
336,1
337,1
338,1
339,0
340,1
341,1
342,1
343,1
344,1
345,0
346,0
347,1
348,0
349,0
350,0
351,1
352,0
353,0
354,1
355,1
356,0
357,0
358,0
359,0
360,0
361,0
362,1
363,1
364,1
365,0
366,1
367,1
368,0
369,0
370,1
371,1
372,1
373,1
374,1
375,1
376,1
377,0
378,0
379,1
380,0
381,1
382,1
383,0
384,1
385,1
386,1
387,1
388,0
389,0
390,1
391,0
392,1
393,1
394,1
395,0
396,0
397,1
398,0
399,1
400,1
401,1
402,0
403,0
404,1
405,1
406,0
407,1
408,0
409,1
410,0
411,0
412,1
413,0
414,1
415,1
416,0
417,1
418,1
419,0
420,0
421,1
422,0
423,1
424,1
425,0
426,1
427,1
428,1
429,1
430,0
431,1
432,1
433,0
434,1
435,0
436,1
437,0
438,0
439,1
440,1
441,0
442,0
443,0
444,1
445,0
446,0
447,1
448,1
449,0
450,1
451,1
452,1
453,1
454,0
455,1
456,0
457,1
458,1
459,1
460,1
461,0
462,1
463,0
464,1
465,0
466,1
467,0
468,1
469,0
470,1
471,1
472,0
473,1
474,0
475,1
476,0
477,1
478,0
479,1
480,0
481,1
482,1
483,1
484,1
485,1
486,1
487,1
488,0
489,1
490,0
491,1
492,1
493,1
494,1
495,1
496,1
497,0
498,0
499,1
500,1
501,1
502,1
503,1
504,0
505,1
506,0
507,0
508,1
509,0
510,1
511,0
512,0
513,1
514,0
515,1
516,0
517,1
518,1
519,0
520,0
521,0
522,0
523,0
524,1
525,1
526,1
527,1
528,0
529,1
530,1
531,1
532,1
533,0
534,1
535,0
536,1
537,1
538,0
539,0
540,0
541,1
542,1
543,1
544,0
545,1
546,1
547,0
548,1
549,0
550,0
551,1
552,1
553,1
554,0
555,1
556,0
557,0
558,1
559,0
560,1
561,0
562,1
563,1
564,0
565,1
566,1
567,0
568,0
569,1
570,1
571,1
572,0
573,1
574,1
575,1
576,1
577,1
578,0
579,0
580,0
581,1
582,0
583,1
584,1
585,0
586,0
587,0
588,1
589,0
590,1
591,0
592,0
593,1
594,1
595,0
596,0
597,1
598,0
599,1
600,0
601,1
602,0
603,0
604,1
605,1
606,0
607,1
608,1
609,1
610,0
611,1
612,1
613,1
614,0
615,0
616,1
617,0
618,1
619,1
620,0
621,0
622,0
623,1
624,0
625,1
626,1
627,0
628,1
629,0
630,1
631,1
632,1
633,0
634,1
635,1
636,1
637,0
638,1
639,0
640,0
641,1
642,1
643,0
644,1
645,1
646,0
647,1
648,1
649,1
650,1
651,0
652,1
653,1
654,0
655,1
656,0
657,1
658,0
659,1
660,1
661,1
662,0
663,1
664,0
665,1
666,0
667,1
668,0
669,0
670,1
671,1
672,1
673,1
674,1
675,1
676,1
677,1
678,0
679,0
680,1
681,1
682,1
683,1
684,0
685,1
686,1
687,0
688,0
689,0
690,0
691,1
692,0
693,1
694,0
695,1
696,1
697,0
698,1
699,0
700,0
701,1
702,1
703,1
704,0
705,0
706,0
707,1
708,1
709,1
710,0
711,1
712,0
713,1
714,1
715,1
716,1
717,1
718,0
719,1
720,0
721,1
722,0
723,0
724,1
725,1
726,1
727,1
728,1
729,0
730,1
731,1
732,0
733,1
734,1
735,1
736,0
737,1
738,1
739,1
740,1
741,1
742,1
743,1
744,0
745,1
746,1
747,1
748,1
749,1
750,0
751,1
752,1
753,0
754,1
755,0
756,0
757,1
758,1
759,0
760,1
761,1
762,1
763,0
764,0
765,0
766,1
767,0
768,1
769,0
770,0
771,0
772,1
773,0
774,1
775,1
776,1
777,0
778,1
779,0
780,0
781,1
782,1
783,1
784,0
785,0
786,1
787,1
788,1
789,0
790,1
791,0
792,0
793,1
794,1
795,1
796,1
797,0
798,1
799,1
800,0
801,0
802,0
803,1
804,1
805,0
806,1
807,1
808,1
809,1
810,0
811,0
812,0
813,0
814,1
815,1
816,0
817,1
818,1
819,1
820,0
821,1
822,0
823,1
824,0
825,1
826,0
827,1
828,1
829,0
830,1
831,1
832,0
833,1
834,0
835,1
836,0
837,0
838,1
839,1
840,0
841,0
842,0
843,0
844,1
845,1
846,1
847,1
848,0
849,0
850,0
851,1
852,0
853,0
854,1
855,1
856,0
857,0
858,1
859,1
860,0
861,0
862,0
863,0
864,1
865,1
866,1
867,1
868,0
869,0
870,1
871,0
872,1
873,1
874,0
875,1
876,0
877,1
878,0
879,1
880,1
881,0
882,1
883,0
884,1
885,1
886,0
887,1
888,0
889,0
890,1
891,1
892,1
893,1
894,0
895,1
896,1
897,0
898,0
899,1
900,0
901,0
902,0
903,0
904,1
905,1
906,0
907,0
908,1
909,1
910,0
911,0
912,1
913,1
914,1
915,0
916,0
917,0
918,1
919,1
920,1
921,0
922,0
923,1
924,0
925,1
926,1
927,1
928,0
929,1
930,0
931,1
932,1
933,1
934,1
935,1
936,1
937,0
938,0
939,1
940,1
941,0
942,1
943,1
944,0
945,1
946,0
947,0
948,1
949,0
950,0
951,0
952,1
953,0
954,1
955,1
956,0
957,0
958,1
959,1
960,1
961,1
962,1
963,1
964,1
965,1
966,0
967,0
968,1
969,1
970,1
971,1
972,1
973,1
974,0
975,0
976,0
977,0
978,1
979,1
980,0
981,1
982,0
983,1
984,1
985,0
986,1
987,0
988,1
989,1
990,0
991,0
992,0
993,1
994,1
995,0
996,0
997,0
998,1
999,1
1000,1
1001,0
1002,1
1003,1
1004,1
1005,0
1006,1
1007,0
1008,0
1009,0
1010,1
1011,1
1012,0
1013,1
1014,0
1015,0
1016,1
1017,1
1018,1
1019,1
1020,1
1021,0
1022,1
1023,1
1024,1
1025,0
1026,0
1027,1
1028,0
1029,0
1030,1
1031,0
1032,1
1033,1
1034,1
1035,1
1036,1
1037,0
1038,1
1039,1
1040,0
1041,0
1042,0
1043,0
1044,1
1045,1
1046,1
1047,0
1048,1
1049,1
1050,0
1051,1
1052,1
1053,0
1054,1
1055,1
1056,0
1057,1
1058,1
1059,1
1060,0
1061,0
1062,1
1063,0
1064,1
1065,1
1066,1
1067,0
1068,0
1069,1
1070,1
1071,1
1072,0
1073,1
1074,0
1075,1
1076,1
1077,0
1078,1
1079,0
1080,0
1081,1
1082,0
1083,0
1084,1
1085,0
1086,1
1087,1
1088,1
1089,0
1090,0
1091,1
1092,0
1093,0
1094,1
1095,0
1096,1
1097,1
1098,1
1099,0
1100,0
1101,0
1102,1
1103,1
1104,1
1105,0
1106,1
1107,1
1108,0
1109,1
1110,1
1111,0
1112,1
1113,1
1114,1
1115,0
1116,0
1117,0
1118,0
1119,0
1120,1
1121,0
1122,0
1123,0
1124,1
1125,1
1126,1
1127,1
1128,1
1129,0
1130,0
1131,0
1132,1
1133,0
1134,1
1135,1
1136,1
1137,0
1138,0
1139,1
1140,1
1141,0
1142,1
1143,1
1144,1
1145,1
1146,0
1147,1
1148,1
1149,1
1150,1
1151,1
1152,0
1153,1
1154,0
1155,1
1156,1
1157,1
1158,1
1159,1
1160,1
1161,1
1162,0
1163,1
1164,1
1165,0
1166,1
1167,0
1168,1
1169,0
1170,1
1171,1
1172,0
1173,0
1174,0
1175,0
1176,1
1177,0
1178,0
1179,0
1180,0
1181,0
1182,0
1183,1
1184,1
1185,1
1186,0
1187,1
1188,0
1189,1
1190,0
1191,1
1192,0
1193,1
1194,1
1195,0
1196,1
1197,0
1198,1
1199,0
1200,0
1201,0
1202,1
1203,1
1204,1
1205,1
1206,0
1207,0
1208,1
1209,1
1210,1
1211,1
1212,0
1213,1
1214,0
1215,1
1216,1
1217,1
1218,1
1219,1
1220,0
1221,1
1222,1
1223,0
1224,1
1225,1
1226,0
1227,1
1228,1
1229,0
1230,0
1231,1
1232,0
1233,1
1234,1
1235,1
1236,1
1237,0
1238,1
1239,1
1240,1
1241,1
1242,0
1243,1
1244,0
1245,1
1246,1
1247,1
1248,1
1249,1
1250,1
1251,1
1252,1
1253,1
1254,0
1255,1
1256,1
1257,1
1258,1
1259,1
1260,1
1261,1
1262,1
1263,0
1264,0
1265,1
1266,0
1267,1
1268,0
1269,1
1270,0
1271,0
1272,0
1273,1
1274,1
1275,1
1276,1
1277,1
1278,1
1279,0
1280,1
1281,1
1282,1
1283,1
1284,1
1285,0
1286,1
1287,1
1288,1
1289,1
1290,0
1291,0
1292,1
1293,1
1294,0
1295,0
1296,1
1297,1
1298,1
1299,1
1300,0
1301,1
1302,1
1303,1
1304,0
1305,1
1306,1
1307,0
1308,0
1309,1
1310,1
1311,0
1312,1
1313,1
1314,1
1315,1
1316,1
1317,0
1318,0
1319,1
1320,1
1321,1
1322,0
1323,0
1324,0
1325,1
1326,1
1327,0
1328,1
1329,1
1330,0
1331,0
1332,1
1333,0
1334,1
1335,1
1336,0
1337,0
1338,1
1339,1
1340,0
1341,1
1342,0
1343,1
1344,1
1345,1
1346,1
1347,0
1348,1
1349,1
1350,1
1351,1
1352,1
1353,0
1354,1
1355,0
1356,0
1357,1
1358,0
1359,0
1360,1
1361,1
1362,0
1363,1
1364,0
1365,0
1366,1
1367,1
1368,1
1369,0
1370,0
1371,0
1372,1
1373,1
1374,1
1375,1
1376,1
1377,0
1378,0
1379,1
1380,1
1381,0
1382,0
1383,1
1384,1
1385,0
1386,1
1387,1
1388,0
1389,1
1390,1
1391,1
1392,1
1393,1
1394,0
1395,1
1396,1
1397,0
1398,1
1399,1
1400,1
1401,0
1402,0
1403,1
1404,1
1405,0
1406,0
1407,1
1408,0
1409,0
1410,1
1411,1
1412,0
1413,0
1414,0
1415,1
1416,0
1417,0
1418,0
1419,0
1420,1
1421,1
1422,1
1423,1
1424,0
1425,0
1426,1
1427,1
1428,1
1429,1
1430,1
1431,1
1432,1
1433,0
1434,0
1435,0
1436,0
1437,0
1438,1
1439,1
1440,1
1441,0
1442,1
1443,1
1444,1
1445,1
1446,0
1447,1
1448,0
1449,1
1450,1
1451,0
1452,1
1453,0
1454,0
1455,1
1456,0
1457,1
1458,1
1459,0
1460,0
1461,1
1462,1
1463,0
1464,0
1465,0
1466,1
1467,1
1468,1
1469,1
1470,1
1471,1
1472,0
1473,1
1474,1
1475,1
1476,1
1477,1
1478,0
1479,0
1480,0
1481,1
1482,1
1483,0
1484,1
1485,0
1486,1
1487,1
1488,0
1489,0
1490,1
1491,1
1492,0
1493,1
1494,1
1495,1
1496,0
1497,1
1498,1
1499,0
1500,1
1501,1
1502,1
1503,0
1504,0
1505,1
1506,1
1507,1
1508,1
1509,1
1510,1
1511,1
1512,1
1513,1
1514,1
1515,1
1516,1
1517,1
1518,0
1519,1
1520,1
1521,0
1522,0
1523,1
1524,1
1525,0
1526,1
1527,0
1528,0
1529,0
1530,0
1531,1
1532,0
1533,1
1534,1
1535,1
1536,1
1537,1
1538,1
1539,0
1540,1
1541,1
1542,1
1543,0
1544,1
1545,0
1546,0
1547,1
1548,0
1549,1
1550,0
1551,1
1552,1
1553,1
1554,0
1555,0
1556,0
1557,0
1558,0
1559,1
1560,0
1561,0
1562,0
1563,0
1564,1
1565,1
1566,1
1567,0
1568,1
1569,1
1570,1
1571,1
1572,1
1573,0
1574,1
1575,1
1576,1
1577,1
1578,1
1579,1
1580,0
1581,1
1582,0
1583,0
1584,0
1585,1
1586,1
1587,0
1588,0
1589,0
1590,1
1591,1
1592,0
1593,1
1594,0
1595,0
1596,0
1597,1
1598,1
1599,0
1600,0
1601,1
1602,1
1603,0
1604,0
1605,1
1606,1
1607,1
1608,1
1609,1
1610,1
1611,0
1612,1
1613,1
1614,0
1615,1
1616,0
1617,1
1618,0
1619,0
1620,0
1621,1
1622,1
1623,1
1624,1
1625,1
1626,1
1627,1
1628,1
1629,1
1630,0
1631,0
1632,1
1633,1
1634,1
1635,0
1636,1
1637,1
1638,0
1639,0
1640,0
1641,0
1642,1
1643,0
1644,0
1645,0
1646,1
1647,0
1648,1
1649,1
1650,1
1651,0
1652,1
1653,0
1654,1
1655,0
1656,1
1657,1
1658,1
1659,0
1660,1
1661,1
1662,1
1663,1
1664,1
1665,1
1666,0
1667,0
1668,0
1669,1
1670,0
1671,0
1672,0
1673,1
1674,0
1675,0
1676,1
1677,0
1678,0
1679,1
1680,1
1681,1
1682,0
1683,0
1684,1
1685,0
1686,1
1687,1
1688,1
1689,1
1690,1
1691,1
1692,1
1693,1
1694,0
1695,0
1696,1
1697,1
1698,1
1699,0
1700,0
1701,1
1702,1
1703,1
1704,1
1705,0
1706,1
1707,1
1708,1
1709,0
1710,1
1711,1
1712,1
1713,1
1714,1
1715,1
1716,0
1717,0
1718,0
1719,1
1720,0
1721,0
1722,1
1723,1
1724,0
1725,1
1726,0
1727,1
1728,1
1729,0
1730,1
1731,1
1732,0
1733,0
1734,1
1735,1
1736,0
1737,1
1738,0
1739,0
1740,1
1741,1
1742,0
1743,1
1744,1
1745,1
1746,1
1747,1
1748,1
1749,0
1750,1
1751,1
1752,0
1753,0
1754,1
1755,1
1756,1
1757,1
1758,1
1759,0
1760,0
1761,0
1762,1
1763,1
1764,0
1765,0
1766,1
1767,1
1768,1
1769,1
1770,0
1771,1
1772,1
1773,0
1774,0
1775,1
1776,1
1777,1
1778,1
1779,1
1780,1
1781,1
1782,0
1783,0
1784,0
1785,1
1786,1
1787,0
1788,1
1789,0
1790,1
1791,1
1792,1
1793,1
1794,1
1795,0
1796,0
1797,0
1798,1
1799,0
1800,1
1801,1
1802,1
1803,1
1804,0
1805,0
1806,1
1807,1
1808,0
1809,0
1810,1
1811,1
1812,1
1813,1
1814,0
1815,0
1816,1
1817,1
1818,1
1819,1
1820,0
1821,0
1822,1
1823,0
1824,1
1825,0
1826,0
1827,1
1828,0
1829,0
1830,1
1831,0
1832,1
1833,1
1834,1
1835,1
1836,1
1837,1
1838,0
1839,1
1840,1
1841,1
1842,1
1843,1
1844,1
1845,0
1846,1
1847,1
1848,0
1849,1
1850,0
1851,0
1852,0
1853,0
1854,1
1855,1
1856,0
1857,0
1858,1
1859,0
1860,0
1861,1
1862,0
1863,1
1864,1
1865,0
1866,1
1867,0
1868,0
1869,0
1870,0
1871,1
1872,1
1873,1
1874,0
1875,1
1876,0
1877,0
1878,0
1879,1
1880,1
1881,1
1882,0
1883,1
1884,0
1885,0
1886,0
1887,1
1888,1
1889,1
1890,1
1891,1
1892,1
1893,0
1894,1
1895,1
1896,0
1897,1
1898,1
1899,0
1900,0
1901,1
1902,1
1903,1
1904,1
1905,1
1906,1
1907,1
1908,1
1909,0
1910,1
1911,1
1912,1
1913,1
1914,1
1915,1
1916,1
1917,0
1918,1
1919,1
1920,1
1921,1
1922,0
1923,1
1924,0
1925,0
1926,1
1927,1
1928,1
1929,1
1930,1
1931,1
1932,1
1933,0
1934,0
1935,0
1936,1
1937,0
1938,1
1939,0
1940,1
1941,1
1942,0
1943,0
1944,1
1945,1
1946,1
1947,1
1948,1
1949,1
1950,0
1951,1
1952,1
1953,1
1954,0
1955,0
1956,1
1957,0
1958,1
1959,0
1960,0
1961,1
1962,1
1963,1
1964,1
1965,0
1966,0
1967,1
1968,0
1969,1
1970,0
1971,1
1972,1
1973,0
1974,1
1975,0
1976,1
1977,0
1978,1
1979,0
1980,1
1981,0
1982,1
1983,1
1984,0
1985,1
1986,1
1987,0
1988,1
1989,0
1990,0
1991,1
1992,0
1993,0
1994,0
1995,1
1996,1
1997,1
1998,1
1999,1
2000,0
2001,1
2002,0
2003,0
2004,0
2005,1
2006,0
2007,0
2008,1
2009,1
2010,1
2011,0
2012,1
2013,0
2014,0
2015,1
2016,1
2017,1
2018,1
2019,1
2020,0
2021,0
2022,0
2023,1
2024,0
2025,0
2026,1
2027,0
2028,1
2029,1
2030,1
2031,1
2032,0
2033,1
2034,1
2035,0
2036,1
2037,0
2038,0
2039,1
2040,0
2041,1
2042,0
2043,0
2044,0
2045,1
2046,0
2047,0
2048,1
2049,1
2050,0
2051,1
2052,1
2053,1
2054,1
2055,0
2056,1
2057,0
2058,0
2059,1
2060,0
2061,0
2062,0
2063,1
2064,1
2065,0
2066,1
2067,0
2068,1
2069,1
2070,0
2071,1
2072,1
2073,1
2074,0
2075,1
2076,0
2077,1
2078,0
2079,0
2080,0
2081,0
2082,1
2083,1
2084,0
2085,1
2086,0
2087,0
2088,1
2089,0
2090,0
2091,0
2092,1
2093,0
2094,0
2095,0
2096,1
2097,1
2098,0
2099,0
2100,1
2101,0
2102,1
2103,1
2104,1
2105,1
2106,1
2107,1
2108,0
2109,1
2110,1
2111,0
2112,0
2113,1
2114,1
2115,0
2116,1
2117,1
2118,1
2119,0
2120,0
2121,1
2122,1
2123,0
2124,0
2125,1
2126,0
2127,0
2128,0
2129,1
2130,0
2131,1
2132,1
2133,1
2134,1
2135,1
2136,0
2137,1
2138,1
2139,1
2140,1
2141,1
2142,1
2143,0
2144,0
2145,1
2146,0
2147,1
2148,0
2149,1
2150,0
2151,0
2152,1
2153,1
2154,1
2155,1
2156,1
2157,0
2158,1
2159,0
2160,1
2161,1
2162,1
2163,1
2164,1
2165,1
2166,1
2167,0
2168,0
2169,1
2170,0
2171,1
2172,0
2173,1
2174,0
2175,0
2176,1
2177,1
2178,1
2179,0
2180,1
2181,1
2182,1
2183,0
2184,0
2185,0
2186,1
2187,0
2188,0
2189,1
2190,0
2191,1
2192,0
2193,0
2194,0
2195,0
2196,1
2197,1
2198,1
2199,1
2200,1
2201,0
2202,1
2203,1
2204,1
2205,1
2206,1
2207,1
2208,0
2209,1
2210,1
2211,1
2212,0
2213,1
2214,0
2215,0
2216,0
2217,1
2218,0
2219,1
2220,0
2221,1
2222,0
2223,0
2224,1
2225,1
2226,0
2227,0
2228,0
2229,0
2230,0
2231,0
2232,1
2233,1
2234,0
2235,0
2236,1
2237,1
2238,0
2239,1
2240,0
2241,0
2242,0
2243,1
2244,1
2245,1
2246,1
2247,0
2248,1
2249,0
2250,1
2251,1
2252,1
2253,1
2254,1
2255,1
2256,0
2257,1
2258,0
2259,1
2260,0
2261,0
2262,1
2263,1
2264,1
2265,1
2266,0
2267,1
2268,0
2269,0
2270,1
2271,0
2272,1
2273,1
2274,1
2275,1
2276,0
2277,1
2278,1
2279,0
2280,1
2281,0
2282,1
2283,1
2284,0
2285,0
2286,1
2287,0
2288,1
2289,1
2290,0
2291,1
2292,1
2293,1
2294,1
2295,0
2296,1
2297,0
2298,1
2299,1
2300,1
2301,1
2302,0
2303,1
2304,0
2305,1
2306,1
2307,0
2308,0
2309,0
2310,0
2311,1
2312,1
2313,1
2314,1
2315,1
2316,1
2317,1
2318,1
2319,1
2320,1
2321,0
2322,0
2323,1
2324,1
2325,1
2326,1
2327,0
2328,1
2329,1
2330,0
2331,1
2332,1
2333,1
2334,0
2335,1
2336,1
2337,1
2338,1
2339,1
2340,1
2341,1
2342,1
2343,0
2344,1
2345,1
2346,0
2347,1
2348,1
2349,0
2350,0
2351,0
2352,0
2353,1
2354,0
2355,0
2356,1
2357,0
2358,0
2359,1
2360,1
2361,1
2362,1
2363,1
2364,0
2365,1
2366,1
2367,0
2368,0
2369,1
2370,0
2371,1
2372,0
2373,1
2374,1
2375,0
2376,1
2377,1
2378,0
2379,0
2380,1
2381,0
2382,1
2383,0
2384,1
2385,0
2386,1
2387,1
2388,0
2389,0
2390,0
2391,1
2392,0
2393,1
2394,0
2395,0
2396,1
2397,1
2398,1
2399,1
2400,1
2401,1
2402,1
2403,0
2404,0
2405,1
2406,0
2407,1
2408,0
2409,1
2410,1
2411,0
2412,1
2413,0
2414,0
2415,0
2416,1
2417,1
2418,0
2419,1
2420,1
2421,1
2422,1
2423,1
2424,1
2425,1
2426,1
2427,1
2428,0
2429,0
2430,1
2431,0
2432,1
2433,1
2434,0
2435,0
2436,1
2437,0
2438,0
2439,1
2440,1
2441,1
2442,0
2443,0
2444,0
2445,0
2446,1
2447,0
2448,1
2449,1
2450,0
2451,1
2452,1
2453,1
2454,1
2455,1
2456,1
2457,1
2458,1
2459,0
2460,1
2461,0
2462,1
2463,0
2464,0
2465,0
2466,0
2467,0
2468,1
2469,0
2470,1
2471,0
2472,0
2473,0
2474,1
2475,1
2476,1
2477,1
2478,0
2479,1
2480,1
2481,0
2482,1
2483,1
2484,1
2485,0
2486,1
2487,0
2488,0
2489,0
2490,1
2491,0
2492,1
2493,0
2494,0
2495,0
2496,1
2497,0
2498,1
2499,0
2500,0
2501,1
2502,1
2503,1
2504,0
2505,1
2506,0
2507,0
2508,1
2509,1
2510,0
2511,0
2512,1
2513,0
2514,1
2515,0
2516,1
2517,1
2518,0
2519,0
2520,1
2521,1
2522,1
2523,0
2524,1
2525,1
2526,0
2527,1
2528,0
2529,0
2530,1
2531,1
2532,1
2533,1
2534,0
2535,1
2536,1
2537,1
2538,1
2539,1
2540,1
2541,1
2542,0
2543,0
2544,1
2545,0
2546,0
2547,1
2548,0
2549,0
2550,0
2551,0
2552,0
2553,0
2554,0
2555,0
2556,1
2557,0
2558,1
2559,1
2560,1
2561,1
2562,0
2563,1
2564,1
2565,0
2566,1
2567,1
2568,1
2569,0
2570,0
2571,1
2572,1
2573,1
2574,0
2575,1
2576,1
2577,0
2578,1
2579,0
2580,0
2581,1
2582,0
2583,1
2584,1
2585,1
2586,1
2587,1
2588,1
2589,0
2590,1
2591,0
2592,1
2593,1
2594,1
2595,1
2596,0
2597,1
2598,0
2599,1
2600,0
2601,1
2602,1
2603,0
2604,0
2605,0
2606,0
2607,0
2608,1
2609,1
2610,1
2611,0
2612,0
2613,1
2614,1
2615,1
2616,1
2617,0
2618,1
2619,1
2620,1
2621,0
2622,0
2623,0
2624,0
2625,1
2626,0
2627,1
2628,1
2629,1
2630,0
2631,0
2632,0
2633,0
2634,1
2635,0
2636,0
2637,1
2638,1
2639,1
2640,1
2641,0
2642,1
2643,1
2644,0
2645,1
2646,1
2647,1
2648,1
2649,1
2650,0
2651,1
2652,0
2653,0
2654,1
2655,0
2656,1
2657,1
2658,1
2659,0
2660,1
2661,1
2662,0
2663,0
2664,1
2665,1
2666,1
2667,0
2668,1
2669,1
2670,0
2671,0
2672,1
2673,1
2674,1
2675,0
2676,1
2677,0
2678,1
2679,0
2680,1
2681,0
2682,1
2683,1
2684,0
2685,1
2686,1
2687,1
2688,0
2689,0
2690,0
2691,0
2692,1
2693,0
2694,1
2695,0
2696,0
2697,1
2698,1
2699,0
2700,1
2701,1
2702,1
2703,0
2704,1
2705,1
2706,0
2707,1
2708,0
2709,1
2710,1
2711,1
2712,1
2713,1
2714,1
2715,0
2716,1
2717,0
2718,1
2719,1
2720,1
2721,0
2722,0
2723,0
2724,1
2725,0
2726,1
2727,1
2728,1
2729,1
2730,0
2731,0
2732,0
2733,1
2734,0
2735,0
2736,0
2737,0
2738,1
2739,0
2740,1
2741,1
2742,0
2743,0
2744,0
2745,0
2746,1
2747,0
2748,1
2749,0
2750,0
2751,1
2752,0
2753,1
2754,1
2755,1
2756,0
2757,1
2758,1
2759,0
2760,1
2761,0
2762,1
2763,0
2764,1
2765,1
2766,1
2767,1
2768,1
2769,1
2770,1
2771,1
2772,1
2773,0
2774,0
2775,1
2776,0
2777,1
2778,1
2779,1
2780,1
2781,1
2782,0
2783,1
2784,1
2785,0
2786,0
2787,0
2788,0
2789,1
2790,1
2791,0
2792,0
2793,1
2794,1
2795,1
2796,0
2797,1
2798,1
2799,1
2800,0
2801,1
2802,0
2803,1
2804,0
2805,1
2806,0
2807,1
2808,1
2809,0
2810,1
2811,1
2812,1
2813,0
2814,1
2815,1
2816,1
2817,1
2818,1
2819,1
2820,0
2821,1
2822,1
2823,1
2824,1
2825,1
2826,1
2827,0
2828,1
2829,1
2830,0
2831,1
2832,0
2833,0
2834,1
2835,1
2836,1
2837,0
2838,1
2839,1
2840,0
2841,0
2842,0
2843,0
2844,1
2845,1
2846,0
2847,0
2848,1
2849,1
2850,1
2851,1
2852,0
2853,0
2854,1
2855,0
2856,1
2857,0
2858,0
2859,1
2860,0
2861,1
2862,1
2863,1
2864,1
2865,0
2866,0
2867,1
2868,0
2869,0
2870,1
2871,1
2872,1
2873,1
2874,1
2875,1
2876,0
2877,0
2878,0
2879,1
2880,0
2881,1
2882,1
2883,0
2884,1
2885,0
2886,1
2887,1
2888,1
2889,1
2890,1
2891,1
2892,1
2893,0
2894,1
2895,0
2896,0
2897,0
2898,0
2899,1
2900,0
2901,1
2902,1
2903,0
2904,1
2905,0
2906,1
2907,0
2908,0
2909,0
2910,1
2911,0
2912,0
2913,1
2914,1
2915,1
2916,0
2917,0
2918,1
2919,0
2920,1
2921,0
2922,1
2923,0
2924,1
2925,0
2926,0
2927,1
2928,1
2929,1
2930,1
2931,1
2932,0
2933,0
2934,0
2935,1
2936,0
2937,1
2938,1
2939,0
2940,1
2941,1
2942,0
2943,0
2944,0
2945,1
2946,1
2947,1
2948,0
2949,1
2950,1
2951,0
2952,1
2953,0
2954,0
2955,1
2956,0
2957,0
2958,0
2959,1
2960,1
2961,1
2962,1
2963,1
2964,0
2965,0
2966,0
2967,0
2968,1
2969,1
2970,1
2971,0
2972,0
2973,0
2974,0
2975,1
2976,0
2977,0
2978,0
2979,0
2980,0
2981,0
2982,1
2983,0
2984,0
2985,1
2986,0
2987,0
2988,1
2989,0
2990,1
2991,0
2992,1
2993,1
2994,1
2995,1
2996,1
2997,0
2998,0
2999,1
3000,0
3001,0
3002,1
3003,1
3004,0
3005,0
3006,1
3007,1
3008,1
3009,1
3010,1
3011,0
3012,1
3013,1
3014,0
3015,1
3016,1
3017,1
3018,0
3019,0
3020,1
3021,0
3022,0
3023,1
3024,1
3025,0
3026,0
3027,1
3028,1
3029,1
3030,1
3031,1
3032,1
3033,1
3034,0
3035,1
3036,1
3037,0
3038,1
3039,1
3040,0
3041,0
3042,1
3043,0
3044,1
3045,0
3046,1
3047,1
3048,1
3049,1
3050,0
3051,0
3052,0
3053,0
3054,1
3055,0
3056,1
3057,1
3058,0
3059,0
3060,1
3061,1
3062,0
3063,0
3064,1
3065,0
3066,1
3067,1
3068,0
3069,1
3070,1
3071,0
3072,0
3073,1
3074,1
3075,0
3076,1
3077,0
3078,1
3079,0
3080,1
3081,0
3082,1
3083,1
3084,0
3085,0
3086,0
3087,1
3088,0
3089,1
3090,1
3091,1
3092,0
3093,1
3094,1
3095,1
3096,1
3097,0
3098,0
3099,1
3100,0
3101,0
3102,1
3103,1
3104,1
3105,1
3106,1
3107,0
3108,0
3109,1
3110,1
3111,0
3112,1
3113,1
3114,1
3115,1
3116,1
3117,0
3118,1
3119,0
3120,1
3121,0
3122,1
3123,0
3124,0
3125,1
3126,1
3127,1
3128,1
3129,1
3130,0
3131,1
3132,0
3133,0
3134,0
3135,0
3136,0
3137,0
3138,1
3139,0
3140,1
3141,1
3142,1
3143,1
3144,0
3145,0
3146,1
3147,1
3148,1
3149,1
3150,0
3151,0
3152,0
3153,1
3154,1
3155,0
3156,1
3157,1
3158,0
3159,0
3160,0
3161,0
3162,1
3163,0
3164,0
3165,0
3166,1
3167,0
3168,1
3169,0
3170,0
3171,1
3172,1
3173,1
3174,0
3175,1
3176,1
3177,1
3178,1
3179,1
3180,0
3181,0
3182,0
3183,1
3184,0
3185,0
3186,0
3187,0
3188,1
3189,1
3190,1
3191,1
3192,1
3193,1
3194,0
3195,1
3196,1
3197,0
3198,1
3199,0
3200,1
3201,0
3202,1
3203,1
3204,0
3205,1
3206,0
3207,0
3208,1
3209,1
3210,1
3211,1
3212,0
3213,0
3214,0
3215,0
3216,0
3217,0
3218,1
3219,1
3220,1
3221,0
3222,0
3223,1
3224,1
3225,1
3226,1
3227,1
3228,1
3229,0
3230,1
3231,1
3232,0
3233,0
3234,0
3235,1
3236,0
3237,1
3238,0
3239,0
3240,0
3241,1
3242,1
3243,0
3244,0
3245,1
3246,0
3247,1
3248,0
3249,1
3250,0
3251,0
3252,0
3253,0
3254,0
3255,1
3256,1
3257,0
3258,1
3259,1
3260,0
3261,1
3262,0
3263,0
3264,1
3265,0
3266,1
3267,0
3268,0
3269,1
3270,1
3271,1
3272,1
3273,0
3274,0
3275,0
3276,0
3277,0
3278,0
3279,0
3280,0
3281,0
3282,1
3283,0
3284,0
3285,0
3286,0
3287,1
3288,0
3289,1
3290,0
3291,0
3292,0
3293,1
3294,1
3295,0
3296,1
3297,1
3298,1
3299,1
3300,0
3301,0
3302,0
3303,1
3304,0
3305,1
3306,0
3307,1
3308,1
3309,1
3310,0
3311,1
3312,1
3313,0
3314,0
3315,1
3316,1
3317,0
3318,1
3319,1
3320,0
3321,0
3322,1
3323,1
3324,1
3325,1
3326,1
3327,1
3328,1
3329,0
3330,0
3331,0
3332,0
3333,1
3334,1
3335,0
3336,1
3337,1
3338,1
3339,1
3340,0
3341,0
3342,0
3343,1
3344,1
3345,1
3346,1
3347,0
3348,0
3349,1
3350,0
3351,1
3352,1
3353,0
3354,1
3355,0
3356,1
3357,1
3358,0
3359,1
3360,1
3361,1
3362,1
3363,0
3364,0
3365,1
3366,1
3367,0
3368,1
3369,1
3370,1
3371,1
3372,1
3373,0
3374,0
3375,1
3376,1
3377,1
3378,0
3379,1
3380,1
3381,1
3382,1
3383,0
3384,1
3385,0
3386,0
3387,1
3388,0
3389,0
3390,1
3391,0
3392,0
3393,1
3394,0
3395,0
3396,1
3397,1
3398,0
3399,0
3400,1
3401,0
3402,0
3403,1
3404,1
3405,0
3406,1
3407,1
3408,1
3409,1
3410,1
3411,1
3412,0
3413,1
3414,0
3415,1
3416,1
3417,1
3418,1
3419,1
3420,0
3421,1
3422,0
3423,1
3424,0
3425,1
3426,0
3427,0
3428,1
3429,1
3430,0
3431,1
3432,1
3433,0
3434,0
3435,0
3436,0
3437,1
3438,0
3439,1
3440,0
3441,0
3442,0
3443,1
3444,0
3445,1
3446,0
3447,1
3448,1
3449,1
3450,1
3451,0
3452,1
3453,1
3454,1
3455,1
3456,0
3457,1
3458,1
3459,1
3460,0
3461,1
3462,0
3463,0
3464,1
3465,0
3466,1
3467,1
3468,0
3469,0
3470,0
3471,0
3472,0
3473,0
3474,1
3475,0
3476,1
3477,1
3478,1
3479,1
3480,1
3481,0
3482,1
3483,1
3484,1
3485,1
3486,1
3487,1
3488,1
3489,0
3490,0
3491,1
3492,0
3493,1
3494,0
3495,0
3496,1
3497,1
3498,0
3499,1
3500,1
3501,1
3502,1
3503,0
3504,0
3505,0
3506,0
3507,1
3508,1
3509,1
3510,0
3511,0
3512,1
3513,0
3514,0
3515,0
3516,1
3517,0
3518,1
3519,0
3520,0
3521,0
3522,0
3523,0
3524,0
3525,1
3526,1
3527,1
3528,0
3529,0
3530,1
3531,1
3532,0
3533,0
3534,0
3535,0
3536,1
3537,0
3538,1
3539,0
3540,1
3541,1
3542,1
3543,1
3544,0
3545,0
3546,1
3547,1
3548,0
3549,1
3550,1
3551,0
3552,0
3553,0
3554,0
3555,0
3556,1
3557,1
3558,0
3559,1
3560,0
3561,0
3562,1
3563,1
3564,0
3565,1
3566,0
3567,1
3568,0
3569,1
3570,0
3571,1
3572,0
3573,1
3574,1
3575,1
3576,0
3577,1
3578,0
3579,0
3580,1
3581,0
3582,1
3583,1
3584,0
3585,1
3586,0
3587,1
3588,1
3589,1
3590,1
3591,0
3592,1
3593,1
3594,0
3595,1
3596,1
3597,1
3598,0
3599,0
3600,1
3601,1
3602,0
3603,0
3604,0
3605,1
3606,0
3607,1
3608,0
3609,1
3610,0
3611,0
3612,1
3613,0
3614,0
3615,1
3616,0
3617,1
3618,0
3619,1
3620,1
3621,1
3622,1
3623,0
3624,1
3625,1
3626,1
3627,1
3628,0
3629,1
3630,0
3631,1
3632,1
3633,1
3634,1
3635,0
3636,1
3637,1
3638,0
3639,0
3640,1
3641,1
3642,0
3643,1
3644,0
3645,0
3646,0
3647,0
3648,1
3649,1
3650,0
3651,0
3652,0
3653,1
3654,0
3655,0
3656,1
3657,0
3658,0
3659,0
3660,1
3661,1
3662,1
3663,1
3664,1
3665,1
3666,0
3667,1
3668,1
3669,1
3670,1
3671,1
3672,0
3673,0
3674,0
3675,0
3676,1
3677,1
3678,0
3679,1
3680,1
3681,0
3682,1
3683,0
3684,0
3685,0
3686,1
3687,0
3688,1
3689,0
3690,1
3691,1
3692,0
3693,1
3694,0
3695,1
3696,0
3697,0
3698,1
3699,1
3700,1
3701,1
3702,1
3703,1
3704,0
3705,0
3706,0
3707,1
3708,0
3709,0
3710,1
3711,0
3712,1
3713,1
3714,0
3715,0
3716,1
3717,0
3718,0
3719,0
3720,1
3721,0
3722,0
3723,0
3724,0
3725,0
3726,0
3727,0
3728,0
3729,0
3730,1
3731,1
3732,0
3733,0
3734,0
3735,1
3736,0
3737,1
3738,1
3739,1
3740,0
3741,1
3742,1
3743,1
3744,1
3745,1
3746,1
3747,0
3748,0
3749,0
3750,0
3751,1
3752,1
3753,1
3754,1
3755,1
3756,0
3757,0
3758,1
3759,0
3760,1
3761,0
3762,1
3763,0
3764,0
3765,1
3766,1
3767,0
3768,1
3769,0
3770,0
3771,0
3772,0
3773,0
3774,1
3775,1
3776,1
3777,0
3778,0
3779,1
3780,1
3781,1
3782,1
3783,1
3784,1
3785,0
3786,0
3787,0
3788,0
3789,0
3790,0
3791,1
3792,0
3793,1
3794,0
3795,1
3796,0
3797,0
3798,0
3799,0
3800,0
3801,1
3802,1
3803,1
3804,1
3805,1
3806,0
3807,0
3808,1
3809,1
3810,0
3811,1
3812,1
3813,0
3814,0
3815,1
3816,0
3817,1
3818,1
3819,1
3820,1
3821,0
3822,0
3823,0
3824,0
3825,0
3826,0
3827,0
3828,0
3829,1
3830,0
3831,1
3832,1
3833,0
3834,0
3835,1
3836,0
3837,1
3838,0
3839,0
3840,0
3841,0
3842,1
3843,1
3844,0
3845,1
3846,0
3847,1
3848,1
3849,0
3850,1
3851,0
3852,0
3853,0
3854,1
3855,1
3856,0
3857,1
3858,0
3859,1
3860,1
3861,1
3862,1
3863,0
3864,0
3865,1
3866,0
3867,1
3868,1
3869,0
3870,0
3871,0
3872,1
3873,1
3874,1
3875,0
3876,0
3877,0
3878,1
3879,1
3880,1
3881,1
3882,0
3883,0
3884,0
3885,0
3886,0
3887,1
3888,1
3889,0
3890,0
3891,1
3892,0
3893,1
3894,0
3895,1
3896,1
3897,0
3898,0
3899,1
3900,1
3901,1
3902,1
3903,1
3904,0
3905,0
3906,0
3907,0
3908,1
3909,0
3910,0
3911,0
3912,0
3913,0
3914,0
3915,1
3916,1
3917,0
3918,1
3919,0
3920,1
3921,1
3922,1
3923,1
3924,1
3925,0
3926,1
3927,1
3928,1
3929,1
3930,1
3931,1
3932,0
3933,1
3934,0
3935,1
3936,0
3937,0
3938,0
3939,1
3940,1
3941,0
3942,1
3943,1
3944,0
3945,1
3946,1
3947,1
3948,1
3949,1
3950,1
3951,0
3952,0
3953,0
3954,1
3955,1
3956,1
3957,0
3958,1
3959,0
3960,0
3961,1
3962,1
3963,0
3964,0
3965,1
3966,0
3967,1
3968,0
3969,1
3970,1
3971,0
3972,1
3973,1
3974,0
3975,0
3976,0
3977,0
3978,1
3979,1
3980,1
3981,0
3982,1
3983,1
3984,1
3985,0
3986,1
3987,0
3988,0
3989,1
3990,1
3991,1
3992,0
3993,1
3994,0
3995,1
3996,1
3997,1
3998,1
3999,1
4000,1
4001,0
4002,0
4003,1
4004,0
4005,0
4006,1
4007,0
4008,1
4009,0
4010,1
4011,1
4012,0
4013,1
4014,1
4015,0
4016,0
4017,1
4018,1
4019,1
4020,1
4021,0
4022,0
4023,0
4024,1
4025,0
4026,1
4027,0
4028,0
4029,0
4030,1
4031,1
4032,0
4033,0
4034,1
4035,1
4036,1
4037,0
4038,1
4039,0
4040,0
4041,0
4042,0
4043,1
4044,0
4045,0
4046,1
4047,1
4048,0
4049,1
4050,1
4051,1
4052,0
4053,0
4054,0
4055,0
4056,1
4057,1
4058,0
4059,0
4060,1
4061,1
4062,1
4063,0
4064,0
4065,1
4066,0
4067,0
4068,0
4069,0
4070,1
4071,0
4072,0
4073,0
4074,1
4075,0
4076,0
4077,1
4078,0
4079,1
4080,1
4081,1
4082,1
4083,1
4084,0
4085,1
4086,1
4087,0
4088,1
4089,1
4090,0
4091,1
4092,0
4093,0
4094,0
4095,1
4096,1
4097,1
4098,1
4099,0
4100,0
4101,1
4102,1
4103,1
4104,0
4105,1
4106,0
4107,1
4108,1
4109,1
4110,1
4111,0
4112,1
4113,1
4114,1
4115,1
4116,0
4117,1
4118,1
4119,0
4120,0
4121,1
4122,1
4123,1
4124,0
4125,0
4126,1
4127,0
4128,1
4129,0
4130,1
4131,1
4132,1
4133,0
4134,1
4135,1
4136,0
4137,1
4138,0
4139,1
4140,0
4141,0
4142,1
4143,1
4144,1
4145,0
4146,1
4147,1
4148,0
4149,1
4150,1
4151,1
4152,0
4153,0
4154,1
4155,1
4156,0
4157,1
4158,0
4159,0
4160,0
4161,0
4162,1
4163,1
4164,1
4165,0
4166,1
4167,1
4168,0
4169,0
4170,1
4171,0
4172,0
4173,0
4174,0
4175,1
4176,0
4177,1
4178,1
4179,1
4180,0
4181,1
4182,0
4183,1
4184,1
4185,1
4186,0
4187,0
4188,0
4189,1
4190,1
4191,0
4192,1
4193,0
4194,1
4195,1
4196,1
4197,0
4198,1
4199,0
4200,1
4201,1
4202,0
4203,1
4204,1
4205,1
4206,1
4207,0
4208,0
4209,1
4210,1
4211,0
4212,1
4213,1
4214,0
4215,1
4216,0
4217,1
4218,1
4219,1
4220,1
4221,1
4222,1
4223,1
4224,1
4225,0
4226,1
4227,0
4228,1
4229,0
4230,1
4231,1
4232,0
4233,1
4234,1
4235,1
4236,0
4237,0
4238,1
4239,0
4240,1
4241,1
4242,0
4243,0
4244,0
4245,1
4246,1
4247,0
4248,1
4249,0
4250,1
4251,1
4252,0
4253,0
4254,0
4255,0
4256,1
4257,1
4258,0
4259,1
4260,1
4261,0
4262,0
4263,0
4264,1
4265,0
4266,0
4267,0
4268,1
4269,1
4270,0
4271,1
4272,0
4273,0
4274,0
4275,1
4276,0
4277,0
4278,1
4279,1
4280,1
4281,1
4282,0
4283,1
4284,1
4285,0
4286,1
4287,1
4288,1
4289,1
4290,1
4291,1
4292,0
4293,0
4294,1
4295,0
4296,1
4297,0
4298,0
4299,1
4300,0
4301,1
4302,1
4303,0
4304,1
4305,0
4306,1
4307,0
4308,0
4309,1
4310,0
4311,1
4312,1
4313,0
4314,1
4315,1
4316,1
4317,1
4318,0
4319,1
4320,1
4321,1
4322,0
4323,0
4324,0
4325,1
4326,1
4327,0
4328,1
4329,1
4330,0
4331,0
4332,1
4333,1
4334,1
4335,0
4336,1
4337,0
4338,0
4339,0
4340,1
4341,0
4342,1
4343,1
4344,1
4345,1
4346,1
4347,1
4348,1
4349,0
4350,1
4351,1
4352,1
4353,0
4354,0
4355,0
4356,1
4357,1
4358,0
4359,0
4360,0
4361,1
4362,1
4363,1
4364,0
4365,1
4366,0
4367,0
4368,1
4369,0
4370,0
4371,0
4372,0
4373,1
4374,1
4375,1
4376,0
4377,1
4378,1
4379,0
4380,0
4381,0
4382,1
4383,1
4384,0
4385,0
4386,0
4387,1
4388,0
4389,1
4390,0
4391,1
4392,0
4393,0
4394,0
4395,1
4396,0
4397,1
4398,1
4399,1
4400,1
4401,0
4402,1
4403,1
4404,0
4405,0
4406,0
4407,1
4408,0
4409,0
4410,1
4411,0
4412,0
4413,1
4414,0
4415,0
4416,1
4417,1
4418,0
4419,1
4420,1
4421,1
4422,0
4423,1
4424,0
4425,1
4426,1
4427,0
4428,0
4429,1
4430,1
4431,0
4432,0
4433,1
4434,0
4435,0
4436,1
4437,1
4438,1
4439,1
4440,0
4441,1
4442,0
4443,1
4444,0
4445,0
4446,1
4447,1
4448,0
4449,1
4450,0
4451,0
4452,1
4453,0
4454,1
4455,0
4456,1
4457,1
4458,0
4459,0
4460,0
4461,1
4462,1
4463,0
4464,1
4465,1
4466,0
4467,0
4468,1
4469,1
4470,0
4471,0
4472,0
4473,0
4474,1
4475,1
4476,0
4477,1
4478,1
4479,0
4480,1
4481,0
4482,1
4483,1
4484,0
4485,1
4486,1
4487,1
4488,0
4489,0
4490,0
4491,1
4492,1
4493,1
4494,1
4495,1
4496,1
4497,0
4498,0
4499,1
4500,0
4501,0
4502,1
4503,1
4504,1
4505,0
4506,1
4507,1
4508,0
4509,1
4510,0
4511,1
4512,1
4513,0
4514,0
4515,1
4516,1
4517,0
4518,1
4519,0
4520,1
4521,0
4522,1
4523,1
4524,1
4525,1
4526,0
4527,0
4528,1
4529,1
4530,1
4531,0
4532,1
4533,0
4534,0
4535,1
4536,1
4537,0
4538,0
4539,0
4540,1
4541,0
4542,0
4543,0
4544,1
4545,1
4546,0
4547,1
4548,0
4549,1
4550,1
4551,0
4552,0
4553,1
4554,1
4555,0
4556,0
4557,0
4558,0
4559,0
4560,0
4561,0
4562,0
4563,1
4564,0
4565,0
4566,0
4567,0
4568,1
4569,1
4570,0
4571,0
4572,0
4573,1
4574,0
4575,0
4576,1
4577,0
4578,0
4579,1
4580,1
4581,1
4582,0
4583,1
4584,1
4585,1
4586,0
4587,1
4588,1
4589,0
4590,1
4591,1
4592,1
4593,0
4594,0
4595,1
4596,1
4597,1
4598,1
4599,1
4600,0
4601,0
4602,1
4603,0
4604,1
4605,1
4606,1
4607,0
4608,0
4609,1
4610,0
4611,1
4612,0
4613,0
4614,1
4615,1
4616,0
4617,1
4618,0
4619,0
4620,0
4621,1
4622,1
4623,1
4624,1
4625,1
4626,1
4627,1
4628,1
4629,1
4630,0
4631,1
4632,1
4633,0
4634,1
4635,0
4636,0
4637,1
4638,1
4639,1
4640,1
4641,1
4642,0
4643,1
4644,1
4645,0
4646,1
4647,1
4648,0
4649,1
4650,1
4651,1
4652,1
4653,0
4654,0
4655,1
4656,1
4657,0
4658,0
4659,1
4660,1
4661,1
4662,0
4663,1
4664,1
4665,0
4666,0
4667,0
4668,0
4669,0
4670,0
4671,1
4672,1
4673,1
4674,1
4675,1
4676,1
4677,0
4678,0
4679,0
4680,1
4681,1
4682,1
4683,1
4684,0
4685,0
4686,0
4687,0
4688,1
4689,0
4690,0
4691,1
4692,1
4693,1
4694,0
4695,0
4696,0
4697,1
4698,1
4699,1
4700,1
4701,0
4702,0
4703,1
4704,0
4705,0
4706,1
4707,0
4708,0
4709,0
4710,0
4711,0
4712,0
4713,0
4714,1
4715,0
4716,1
4717,1
4718,0
4719,0
4720,1
4721,1
4722,0
4723,0
4724,1
4725,0
4726,0
4727,1
4728,1
4729,0
4730,0
4731,0
4732,0
4733,1
4734,1
4735,0
4736,1
4737,1
4738,1
4739,1
4740,0
4741,0
4742,1
4743,1
4744,1
4745,1
4746,1
4747,1
4748,0
4749,1
4750,1
4751,1
4752,1
4753,1
4754,1
4755,0
4756,0
4757,1
4758,1
4759,1
4760,0
4761,0
4762,0
4763,0
4764,0
4765,1
4766,0
4767,1
4768,0
4769,0
4770,1
4771,1
4772,1
4773,1
4774,1
4775,1
4776,0
4777,0
4778,1
4779,0
4780,1
4781,1
4782,0
4783,1
4784,0
4785,1
4786,1
4787,1
4788,0
4789,1
4790,1
4791,1
4792,0
4793,0
4794,0
4795,1
4796,1
4797,1
4798,1
4799,1
4800,1
4801,0
4802,1
4803,1
4804,1
4805,0
4806,1
4807,1
4808,1
4809,1
4810,0
4811,0
4812,0
4813,1
4814,1
4815,1
4816,1
4817,1
4818,1
4819,1
4820,0
4821,1
4822,1
4823,0
4824,1
4825,1
4826,0
4827,0
4828,1
4829,0
4830,1
4831,0
4832,0
4833,1
4834,0
4835,1
4836,1
4837,0
4838,1
4839,1
4840,1
4841,0
4842,0
4843,1
4844,1
4845,1
4846,1
4847,0
4848,0
4849,0
4850,1
4851,1
4852,0
4853,0
4854,0
4855,1
4856,0
4857,0
4858,1
4859,0
4860,1
4861,0
4862,1
4863,1
4864,1
4865,0
4866,0
4867,1
4868,1
4869,0
4870,0
4871,0
4872,1
4873,0
4874,1
4875,1
4876,1
4877,1
4878,1
4879,1
4880,1
4881,1
4882,0
4883,0
4884,1
4885,0
4886,1
4887,1
4888,1
4889,1
4890,0
4891,0
4892,1
4893,0
4894,1
4895,0
4896,0
4897,1
4898,1
4899,0
4900,1
4901,1
4902,0
4903,0
4904,0
4905,1
4906,0
4907,1
4908,0
4909,1
4910,1
4911,1
4912,1
4913,0
4914,1
4915,1
4916,0
4917,0
4918,0
4919,1
4920,1
4921,0
4922,1
4923,1
4924,0
4925,1
4926,0
4927,1
4928,1
4929,1
4930,1
4931,1
4932,0
4933,1
4934,0
4935,1
4936,0
4937,0
4938,0
4939,0
4940,1
4941,1
4942,0
4943,1
4944,1
4945,0
4946,1
4947,0
4948,1
4949,0
4950,0
4951,0
4952,0
4953,0
4954,1
4955,1
4956,0
4957,1
4958,0
4959,0
4960,0
4961,1
4962,1
4963,0
4964,1
4965,0
4966,1
4967,1
4968,0
4969,1
4970,0
4971,0
4972,0
4973,0
4974,0
4975,0
4976,0
4977,1
4978,1
4979,1
4980,0
4981,1
4982,1
4983,0
4984,0
4985,0
4986,1
4987,1
4988,1
4989,1
4990,1
4991,1
4992,1
4993,0
4994,0
4995,0
4996,1
4997,0
4998,1
4999,0
5000,1
5001,1
5002,1
5003,1
5004,1
5005,1
5006,1
5007,0
5008,1
5009,1
5010,0
5011,0
5012,1
5013,1
5014,0
5015,1
5016,0
5017,0
5018,1
5019,1
5020,1
5021,0
5022,0
5023,0
5024,1
5025,0
5026,1
5027,1
5028,1
5029,1
5030,1
5031,0
5032,1
5033,1
5034,0
5035,0
5036,0
5037,0
5038,1
5039,0
5040,0
5041,0
5042,0
5043,1
5044,1
5045,0
5046,1
5047,1
5048,1
5049,0
5050,1
5051,1
5052,1
5053,1
5054,1
5055,1
5056,0
5057,0
5058,0
5059,1
5060,1
5061,1
5062,1
5063,1
5064,1
5065,0
5066,1
5067,0
5068,1
5069,0
5070,1
5071,1
5072,1
5073,0
5074,1
5075,0
5076,1
5077,1
5078,0
5079,0
5080,1
5081,0
5082,0
5083,1
5084,1
5085,0
5086,1
5087,0
5088,1
5089,1
5090,0
5091,1
5092,1
5093,0
5094,0
5095,1
5096,0
5097,1
5098,0
5099,0
5100,1
5101,1
5102,1
5103,0
5104,1
5105,0
5106,0
5107,1
5108,1
5109,0
5110,1
5111,0
5112,1
5113,1
5114,0
5115,1
5116,1
5117,0
5118,1
5119,0
5120,0
5121,1
5122,1
5123,0
5124,1
5125,0
5126,1
5127,1
5128,1
5129,1
5130,1
5131,1
5132,0
5133,1
5134,1
5135,1
5136,1
5137,1
5138,1
5139,0
5140,0
5141,1
5142,1
5143,1
5144,0
5145,0
5146,0
5147,1
5148,1
5149,1
5150,1
5151,1
5152,1
5153,0
5154,1
5155,1
5156,1
5157,1
5158,1
5159,1
5160,1
5161,1
5162,1
5163,0
5164,1
5165,1
5166,1
5167,0
5168,0
5169,0
5170,0
5171,1
5172,0
5173,0
5174,1
5175,0
5176,1
5177,1
5178,1
5179,0
5180,0
5181,1
5182,0
5183,0
5184,0
5185,0
5186,0
5187,1
5188,0
5189,1
5190,1
5191,1
5192,0
5193,1
5194,0
5195,0
5196,0
5197,1
5198,1
5199,1
5200,0
5201,0
5202,0
5203,0
5204,1
5205,1
5206,1
5207,1
5208,0
5209,1
5210,0
5211,0
5212,0
5213,0
5214,0
5215,1
5216,0
5217,0
5218,1
5219,1
5220,1
5221,1
5222,1
5223,1
5224,0
5225,1
5226,0
5227,0
5228,0
5229,1
5230,1
5231,0
5232,1
5233,1
5234,1
5235,0
5236,0
5237,0
5238,1
5239,0
5240,1
5241,0
5242,0
5243,1
5244,1
5245,1
5246,0
5247,0
5248,1
5249,0
5250,1
5251,1
5252,1
5253,0
5254,0
5255,0
5256,1
5257,0
5258,0
5259,0
5260,0
5261,1
5262,0
5263,0
5264,1
5265,1
5266,0
5267,1
5268,0
5269,0
5270,1
5271,0
5272,0
5273,1
5274,1
5275,1
5276,0
5277,0
5278,1
5279,0
5280,1
5281,0
5282,0
5283,0
5284,1
5285,0
5286,0
5287,1
5288,1
5289,0
5290,1
5291,1
5292,1
5293,1
5294,1
5295,0
5296,0
5297,0
5298,1
5299,0
5300,1
5301,1
5302,1
5303,0
5304,1
5305,1
5306,1
5307,0
5308,0
5309,1
5310,1
5311,1
5312,0
5313,1
5314,0
5315,0
5316,0
5317,1
5318,1
5319,1
5320,1
5321,1
5322,1
5323,0
5324,1
5325,0
5326,1
5327,0
5328,1
5329,0
5330,0
5331,0
5332,0
5333,1
5334,0
5335,1
5336,0
5337,1
5338,0
5339,1
5340,0
5341,1
5342,1
5343,1
5344,0
5345,0
5346,0
5347,0
5348,1
5349,0
5350,0
5351,1
5352,1
5353,1
5354,0
5355,1
5356,0
5357,0
5358,0
5359,1
5360,1
5361,1
5362,1
5363,0
5364,1
5365,1
5366,1
5367,0
5368,1
5369,0
5370,1
5371,0
5372,1
5373,1
5374,1
5375,0
5376,1
5377,0
5378,1
5379,0
5380,1
5381,1
5382,1
5383,0
5384,0
5385,0
5386,0
5387,1
5388,1
5389,1
5390,0
5391,1
5392,0
5393,0
5394,1
5395,1
5396,1
5397,0
5398,1
5399,0
5400,1
5401,0
5402,1
5403,1
5404,1
5405,0
5406,0
5407,0
5408,0
5409,0
5410,1
5411,0
5412,1
5413,0
5414,0
5415,1
5416,1
5417,1
5418,0
5419,0
5420,0
5421,1
5422,0
5423,1
5424,0
5425,0
5426,1
5427,0
5428,1
5429,1
5430,0
5431,0
5432,1
5433,1
5434,0
5435,0
5436,0
5437,1
5438,0
5439,1
5440,1
5441,1
5442,0
5443,0
5444,0
5445,1
5446,0
5447,1
5448,0
5449,0
5450,1
5451,1
5452,1
5453,1
5454,1
5455,1
5456,1
5457,0
5458,0
5459,1
5460,1
5461,1
5462,1
5463,0
5464,0
5465,1
5466,0
5467,1
5468,1
5469,0
5470,1
5471,0
5472,0
5473,1
5474,0
5475,0
5476,0
5477,1
5478,0
5479,0
5480,0
5481,1
5482,1
5483,1
5484,1
5485,1
5486,0
5487,1
5488,0
5489,1
5490,0
5491,1
5492,0
5493,1
5494,1
5495,1
5496,1
5497,1
5498,0
5499,0
5500,1
5501,1
5502,1
5503,0
5504,0
5505,0
5506,1
5507,0
5508,1
5509,1
5510,1
5511,1
5512,0
5513,1
5514,0
5515,1
5516,1
5517,1
5518,1
5519,0
5520,1
5521,1
5522,1
5523,0
5524,0
5525,1
5526,0
5527,0
5528,0
5529,0
5530,1
5531,1
5532,0
5533,1
5534,1
5535,1
5536,1
5537,1
5538,0
5539,0
5540,1
5541,0
5542,0
5543,0
5544,1
5545,1
5546,0
5547,1
5548,1
5549,0
5550,1
5551,0
5552,1
5553,1
5554,0
5555,0
5556,0
5557,0
5558,1
5559,0
5560,1
5561,1
5562,1
5563,1
5564,1
5565,1
5566,1
5567,0
5568,0
5569,1
5570,0
5571,1
5572,1
5573,0
5574,1
5575,1
5576,1
5577,0
5578,0
5579,0
5580,0
5581,1
5582,0
5583,1
5584,1
5585,1
5586,1
5587,0
5588,0
5589,0
5590,1
5591,0
5592,0
5593,0
5594,0
5595,1
5596,0
5597,1
5598,1
5599,1
5600,0
5601,1
5602,1
5603,1
5604,1
5605,0
5606,1
5607,0
5608,1
5609,0
5610,1
5611,1
5612,0
5613,1
5614,1
5615,1
5616,1
5617,1
5618,0
5619,0
5620,0
5621,1
5622,1
5623,0
5624,0
5625,0
5626,1
5627,1
5628,0
5629,1
5630,1
5631,0
5632,0
5633,1
5634,0
5635,1
5636,0
5637,0
5638,1
5639,1
5640,0
5641,1
5642,1
5643,0
5644,1
5645,1
5646,0
5647,0
5648,0
5649,0
5650,0
5651,0
5652,0
5653,0
5654,0
5655,0
5656,0
5657,0
5658,0
5659,0
5660,0
5661,0
5662,0
5663,0
5664,0
5665,0
5666,0
5667,0
5668,0
5669,0
5670,0
5671,0
5672,0
5673,0
5674,0
5675,0
5676,0
5677,0
5678,0
5679,0
5680,0
5681,0
5682,0
5683,0
5684,0
5685,0
5686,0
5687,0
5688,0
5689,0
5690,0
5691,0
5692,0
5693,0
5694,0
5695,0
5696,0
5697,0
5698,0
5699,0
5700,0
5701,0
5702,0
5703,0
5704,0
5705,0
5706,0
5707,0
5708,0
5709,0
5710,0
5711,0
5712,0
5713,0
5714,0
5715,0
5716,0
5717,0
5718,0
5719,0
5720,0
5721,0
5722,0
5723,0
5724,0
5725,0
5726,0
5727,0
5728,0
5729,0
5730,0
5731,0
5732,0
5733,0
5734,0
5735,0
5736,0
5737,0
5738,0
5739,0
5740,0
5741,0
5742,0
5743,0
5744,0
5745,0
5746,0
5747,0
5748,0
5749,0
5750,0
5751,0
5752,0
5753,0
5754,0
5755,0
5756,0
5757,0
5758,0
5759,0
5760,0
5761,0
5762,0
5763,0
5764,0
5765,0
5766,0
5767,0
5768,0
5769,0
5770,0
5771,0
5772,0
5773,0
5774,0
5775,0
5776,0
5777,0
5778,0
5779,0
5780,0
5781,0
5782,0
5783,0
5784,0
5785,0
5786,0
5787,0
5788,0
5789,0
5790,0
5791,0
5792,0
5793,0
5794,0
5795,0
5796,0
5797,0
5798,0
5799,0
5800,0
5801,0
5802,0
5803,0
5804,0
5805,0
5806,0
5807,0
5808,0
5809,0
5810,0
5811,0
5812,0
5813,0
5814,0
5815,0
5816,0
5817,0
5818,0
5819,0
5820,0
5821,0
5822,0
5823,0
5824,0
5825,0
5826,0
5827,0
5828,0
5829,0
5830,0
5831,0
5832,0
5833,0
5834,0
5835,0
5836,0
5837,0
5838,0
5839,0
5840,0
5841,0
5842,0
5843,0
5844,0
5845,0
5846,0
5847,0
5848,0
5849,0
5850,0
5851,0
5852,0
5853,0
5854,0
5855,0
5856,0
5857,0
5858,0
5859,0
5860,0
5861,0
5862,0
5863,0
5864,0
5865,0
5866,0
5867,0
5868,0
5869,0
5870,0
5871,0
5872,0
5873,0
5874,0
5875,0
5876,0
5877,0
5878,0
5879,0
5880,0
5881,0
5882,0
5883,0
5884,0
5885,0
5886,0
5887,0
5888,0
5889,0
5890,0
5891,0
5892,0
5893,0
5894,0
5895,0
5896,0
5897,0
5898,0
5899,0
5900,0
5901,0
5902,0
5903,0
5904,0
5905,0
5906,0
5907,0
5908,0
5909,0
5910,0
5911,0
5912,0
5913,0
5914,0
5915,0
5916,0
5917,0
5918,0
5919,0
5920,0
5921,0
5922,0
5923,0
5924,0
5925,0
5926,0
5927,0
5928,0
5929,0
5930,0
5931,0
5932,0
5933,0
5934,0
5935,0
5936,0
5937,0
5938,0
5939,0
5940,0
5941,0
5942,0
5943,0
5944,0
5945,0
5946,0
5947,0
5948,0
5949,0
5950,0
5951,0
5952,0
5953,0
5954,0
5955,0
5956,0
5957,0
5958,0
5959,0
5960,0
5961,0
5962,0
5963,0
5964,0
5965,0
5966,0
5967,0
5968,0
5969,0
5970,0
5971,0
5972,0
5973,0
5974,0
5975,0
5976,0
5977,0
5978,0
5979,0
5980,0
5981,0
5982,0
5983,0
5984,0
5985,0
5986,0
5987,0
5988,0
5989,0
5990,0
5991,0
5992,0
5993,0
5994,0
5995,0
5996,0
5997,0
5998,0
5999,0
6000,0
6001,0
6002,0
6003,0
6004,0
6005,0
6006,0
6007,0
6008,0
6009,0
6010,0
6011,0
6012,0
6013,0
6014,0
6015,0
6016,0
6017,0
6018,0
6019,0
6020,0
6021,0
6022,0
6023,0
6024,0
6025,0
6026,0
6027,0
6028,0
6029,0
6030,0
6031,0
6032,0
6033,0
6034,0
6035,0
6036,0
6037,0
6038,0
6039,0
6040,0
6041,0
6042,0
6043,0
6044,0
6045,0
6046,0
6047,0
6048,0
6049,0
6050,0
6051,0
6052,0
6053,0
6054,0
6055,0
6056,0
6057,0
6058,0
6059,0
6060,0
6061,0
6062,0
6063,0
6064,0
6065,0
6066,0
6067,0
6068,0
6069,0
6070,0
6071,0
6072,0
6073,0
6074,0
6075,0
6076,0
6077,0
6078,0
6079,0
6080,0
6081,0
6082,0
6083,0
6084,0
6085,0
6086,0
6087,0
6088,0
6089,0
6090,0
6091,0
6092,0
6093,0
6094,0
6095,0
6096,0
6097,0
6098,0
6099,0
6100,0
6101,0
6102,0
6103,0
6104,0
6105,0
6106,0
6107,0
6108,0
6109,0
6110,0
6111,0
6112,0
6113,0
6114,0
6115,0
6116,0
6117,0
6118,0
6119,0
6120,0
6121,0
6122,0
6123,0
6124,0
6125,0
6126,0
6127,0
6128,0
6129,0
6130,0
6131,0
6132,0
6133,0
6134,0
6135,0
6136,0
6137,0
6138,0
6139,0
6140,0
6141,0
6142,0
6143,0
6144,0
6145,0
6146,0
6147,0
6148,0
6149,0
6150,0
6151,0
6152,0
6153,0
6154,0
6155,0
6156,0
6157,0
6158,0
6159,0
6160,0
6161,0
6162,0
6163,0
6164,0
6165,0
6166,0
6167,0
6168,0
6169,0
6170,0
6171,0
6172,0
6173,0
6174,0
6175,0
6176,0
6177,0
6178,0
6179,0
6180,0
6181,0
6182,0
6183,0
6184,0
6185,0
6186,0
6187,0
6188,0
6189,0
6190,0
6191,0
6192,0
6193,0
6194,0
6195,0
6196,0
6197,0
6198,0
6199,0
6200,0
6201,0
6202,0
6203,0
6204,0
6205,0
6206,0
6207,0
6208,0
6209,0
6210,0
6211,0
6212,0
6213,0
6214,0
6215,0
6216,0
6217,0
6218,0
6219,0
6220,0
6221,0
6222,0
6223,0
6224,0
6225,0
6226,0
6227,0
6228,0
6229,0
6230,0
6231,0
6232,0
6233,0
6234,0
6235,0
6236,0
6237,0
6238,0
6239,0
6240,0
6241,0
6242,0
6243,0
6244,0
6245,0
6246,0
6247,0
6248,0
6249,0
6250,0
6251,0
6252,0
6253,0
6254,0
6255,0
6256,0
6257,0
6258,0
6259,0
6260,0
6261,0
6262,0
6263,0
6264,0
6265,0
6266,0
6267,0
6268,0
6269,0
6270,0
6271,0
6272,0
6273,0
6274,0
6275,0
6276,0
6277,0
6278,0
6279,0
6280,0
6281,0
6282,0
6283,0
6284,0
6285,0
6286,0
6287,0
6288,0
6289,0
6290,0
6291,0
6292,0
6293,0
6294,0
6295,0
6296,0
6297,0
6298,0
6299,0
6300,0
6301,0
6302,0
6303,0
6304,0
6305,0
6306,0
6307,0
6308,0
6309,0
6310,0
6311,0
6312,0
6313,0
6314,0
6315,0
6316,0
6317,0
6318,0
6319,0
6320,0
6321,0
6322,0
6323,0
6324,0
6325,0
6326,0
6327,0
6328,0
6329,0
6330,0
6331,0
6332,0
6333,0
6334,0
6335,0
6336,0
6337,0
6338,0
6339,0
6340,0
6341,0
6342,0
6343,0
6344,0
6345,0
6346,0
6347,0
6348,0
6349,0
6350,0
6351,0
6352,0
6353,0
6354,0
6355,0
6356,0
6357,0
6358,0
6359,0
6360,0
6361,0
6362,0
6363,0
6364,0
6365,0
6366,0
6367,0
6368,0
6369,0
6370,0
6371,0
6372,0
6373,0
6374,0
6375,0
6376,0
6377,0
6378,0
6379,0
6380,0
6381,0
6382,0
6383,0
6384,0
6385,0
6386,0
6387,0
6388,0
6389,0
