,GAME_ID,TEAM_ID,TEAM_ABBREVIATION,TEAM_CITY,PLAYER_ID,PLAYER_NAME,NICKNAME,START_POSITION,COMMENT,MIN,USG_PCT,PCT_FGM,PCT_FGA,PCT_FG3M,PCT_FG3A,PCT_FTM,PCT_FTA,PCT_OREB,PCT_DREB,PCT_REB,PCT_AST,PCT_TOV,PCT_STL,PCT_BLK,PCT_BLKA,PCT_PF,PCT_PFD,PCT_PTS
0,0031200001,1610616833,EST,East NBA All Stars,2544,LeBron James,LeBron,F,,30.000000:02,0.278,0.226,0.281,0.333,0.292,0.167,0.235,0.0,0.136,0.091,0.25,0.267,0.25,0.0,1.0,0.0,0.222,0.229
1,0031200001,1610616833,EST,East NBA All Stars,2547,Chris Bosh,Chris,F,,23.000000:22,0.177,0.12,0.176,0.0,0.188,0.0,0.0,0.0,0.118,0.077,0.067,0.25,0.333,0.0,0.0,0.5,0.0,0.095
2,0031200001,1610616833,EST,East NBA All Stars,708,Kevin Garnett,Kevin,C,,6.000000:26,0.168,0.0,0.154,0.0,0.0,0.0,0.0,1.0,0.333,0.429,0.143,0.25,0.0,0.0,0.0,0.0,0.0,0.0
3,0031200001,1610616833,EST,East NBA All Stars,2546,Carmelo Anthony,Carmelo,G,,30.000000:30,0.217,0.235,0.215,0.3,0.304,0.7,0.6,0.5,0.304,0.364,0.136,0.063,0.0,0.0,0.0,0.0,0.5,0.295
4,0031200001,1610616833,EST,East NBA All Stars,2548,Dwyane Wade,Dwyane,G,,28.000000:49,0.211,0.303,0.224,0.1,0.1,0.0,0.0,0.143,0.091,0.103,0.333,0.25,0.5,1.0,0.0,0.25,0.0,0.244
5,0031200001,1610616833,EST,East NBA All Stars,2199,Tyson Chandler,Tyson,,,16.000000:51,0.112,0.125,0.114,0.0,0.0,0.5,0.375,0.3,0.333,0.32,0.0,0.0,0.0,0.0,0.0,0.333,0.333,0.167
6,0031200001,1610616833,EST,East NBA All Stars,202681,Kyrie Irving,Kyrie,,,24.000000:46,0.183,0.214,0.193,0.429,0.3,0.0,0.0,0.167,0.05,0.094,0.286,0.2,0.0,0.0,0.25,0.333,0.0,0.208
7,0031200001,1610616833,EST,East NBA All Stars,2736,Luol Deng,Luol,,,17.000000:05,0.251,0.2,0.238,0.25,0.357,0.25,0.25,0.0,0.133,0.091,0.091,0.5,0.0,0.0,0.0,0.0,0.4,0.208
8,0031200001,1610616833,EST,East NBA All Stars,202331,Paul George,Paul,,,20.000000:03,0.223,0.304,0.265,0.429,0.3,0.0,0.0,0.125,0.111,0.115,0.286,0.0,0.667,0.0,0.0,0.0,0.0,0.274
9,0031200001,1610616833,EST,East NBA All Stars,201149,Joakim Noah,Joakim,,,16.000000:12,0.166,0.222,0.179,0.0,0.0,0.0,0.0,0.429,0.467,0.455,0.3,0.167,0.0,0.5,0.667,0.333,0.0,0.174
10,0031200001,1610616833,EST,East NBA All Stars,201950,Jrue Holiday,Jrue,,,15.000000:19,0.16,0.143,0.154,0.0,0.167,0.0,0.0,0.0,0.2,0.133,0.083,0.25,0.4,0.0,0.0,1.0,0.25,0.128
11,0031200001,1610616833,EST,East NBA All Stars,201572,Brook Lopez,Brook,,,10.000000:35,0.142,0.0,0.042,0.0,0.091,0.75,0.8,0.667,0.429,0.5,0.333,0.5,0.0,0.0,0.0,0.333,0.75,0.081
12,0031200001,1610616834,WST,West NBA All Stars,201142,Kevin Durant,Kevin,F,,31.000000:22,0.281,0.31,0.329,0.333,0.4,0.2,0.125,0.0,0.316,0.25,0.038,0.0,0.182,0.0,0.0,0.333,0.143,0.306
13,0031200001,1610616834,WST,West NBA All Stars,201933,Blake Griffin,Blake,F,,27.000000:24,0.155,0.237,0.167,0.0,0.0,0.167,0.25,0.5,0.059,0.143,0.125,0.0,0.182,0.333,0.5,0.333,0.286,0.213
14,0031200001,1610616834,WST,West NBA All Stars,2730,Dwight Howard,Dwight,C,,14.000000:11,0.183,0.2,0.182,0.333,0.111,0.0,0.0,0.0,0.7,0.636,0.0,0.25,0.0,0.0,0.0,0.333,0.333,0.196
15,0031200001,1610616834,WST,West NBA All Stars,977,Kobe Bryant,Kobe,G,,27.000000:36,0.144,0.108,0.138,0.0,0.176,0.143,0.2,0.4,0.1,0.16,0.333,0.143,0.182,0.667,0.0,0.222,0.125,0.102
16,0031200001,1610616834,WST,West NBA All Stars,101108,Chris Paul,Chris,G,,27.000000:17,0.181,0.175,0.152,0.571,0.294,0.286,0.3,0.0,0.0,0.0,0.577,0.429,0.364,0.0,0.0,0.0,0.25,0.213
17,0031200001,1610616834,WST,West NBA All Stars,1495,Tim Duncan,Tim,,,8.000000:03,0.214,0.143,0.2,0.0,0.167,0.0,0.0,0.5,0.4,0.429,0.0,0.5,0.0,0.0,0.0,0.5,0.0,0.111
18,0031200001,1610616834,WST,West NBA All Stars,2225,Tony Parker,Tony,,,21.000000:58,0.23,0.2,0.196,0.25,0.2,0.667,0.5,0.0,0.05,0.04,0.294,0.375,0.222,0.0,0.0,0.0,0.4,0.228
19,0031200001,1610616834,WST,West NBA All Stars,201935,James Harden,James,,,25.000000:50,0.221,0.182,0.224,0.5,0.471,0.0,0.0,0.167,0.238,0.222,0.176,0.25,0.0,0.0,0.0,0.25,0.25,0.203
20,0031200001,1610616834,WST,West NBA All Stars,2216,Zach Randolph,Zach,,,13.000000:21,0.182,0.2,0.207,0.0,0.0,0.0,0.0,0.333,0.333,0.333,0.0,0.0,0.0,0.0,1.0,0.0,0.0,0.176
21,0031200001,1610616834,WST,West NBA All Stars,201566,Russell Westbrook,Russell,,,18.000000:06,0.306,0.333,0.31,0.0,0.214,0.0,0.0,0.5,0.125,0.2,0.25,0.286,0.333,0.0,0.5,0.2,0.0,0.298
22,0031200001,1610616834,WST,West NBA All Stars,200746,LaMarcus Aldridge,LaMarcus,,,11.000000:27,0.1,0.0,0.077,0.0,0.0,0.0,0.0,0.0,0.333,0.286,0.125,0.25,0.0,0.667,0.0,0.0,0.0,0.0
23,0031200001,1610616834,WST,West NBA All Stars,101135,David Lee,David,,,13.000000:25,0.132,0.167,0.129,0.0,0.0,0.0,0.0,0.0,0.2,0.154,0.0,0.143,0.5,0.0,0.0,0.333,0.0,0.15
24,0031300001,1610616833,EST,East NBA All Stars,202331,Paul George,Paul,F,,33.000000:08,0.17,0.12,0.16,0.083,0.156,0.556,0.556,0.125,0.174,0.161,0.156,0.111,0.222,0.0,0.0,0.2,0.333,0.149
25,0031300001,1610616833,EST,East NBA All Stars,2546,Carmelo Anthony,Carmelo,F,,30.000000:06,0.216,0.217,0.237,0.667,0.419,0.286,0.286,0.375,0.1,0.179,0.061,0.0,0.0,0.0,0.0,0.333,0.4,0.27
26,0031300001,1610616833,EST,East NBA All Stars,2544,LeBron James,LeBron,C,,33.000000:08,0.245,0.22,0.272,0.0,0.219,0.0,0.0,0.125,0.261,0.226,0.219,0.111,0.333,0.0,0.0,0.0,0.0,0.182
27,0031300001,1610616833,EST,East NBA All Stars,2548,Dwyane Wade,Dwyane,G,,11.000000:41,0.2,0.238,0.188,0.0,0.0,0.0,0.0,0.25,0.0,0.091,0.2,0.333,0.4,0.0,0.0,0.0,0.0,0.217
28,0031300001,1610616833,EST,East NBA All Stars,202681,Kyrie Irving,Kyrie,G,,33.000000:51,0.229,0.269,0.21,0.273,0.182,0.0,0.0,0.143,0.148,0.147,0.4,0.455,0.0,0.0,0.0,0.364,0.167,0.25
29,0031300001,1610616833,EST,East NBA All Stars,201579,Roy Hibbert,Roy,,,12.000000:19,0.182,0.222,0.167,0.0,0.077,0.0,0.0,0.5,0.4,0.417,0.25,0.5,0.0,0.0,0.0,0.0,0.333,0.186
30,0031300001,1610616833,EST,East NBA All Stars,2547,Chris Bosh,Chris,,,10.000000:07,0.148,0.133,0.12,0.25,0.222,0.0,0.0,0.0,0.333,0.286,0.0,0.5,0.667,0.0,0.0,0.333,0.0,0.147
31,0031300001,1610616833,EST,East NBA All Stars,2207,Joe Johnson,Joe,,,10.000000:06,0.269,0.154,0.304,1.0,0.857,0.0,0.0,0.0,0.1,0.091,0.111,0.0,0.0,0.0,0.0,0.0,0.0,0.185
32,0031300001,1610616833,EST,East NBA All Stars,201942,DeMar DeRozan,DeMar,,,14.000000:52,0.179,0.2,0.206,0.0,0.083,0.0,0.0,1.0,0.133,0.188,0.143,0.0,0.0,0.0,0.0,0.0,0.0,0.19
33,0031300001,1610616833,EST,East NBA All Stars,202322,John Wall,John,,,15.000000:04,0.283,0.263,0.212,0.0,0.091,1.0,1.0,0.0,0.333,0.313,0.333,0.6,0.667,0.0,0.0,0.333,0.667,0.293
34,0031300001,1610616833,EST,East NBA All Stars,200794,Paul Millsap,Paul,,,14.000000:52,0.128,0.15,0.147,0.0,0.167,0.0,0.0,0.0,0.2,0.188,0.071,0.0,0.0,0.0,0.0,0.0,0.0,0.143
35,0031300001,1610616833,EST,East NBA All Stars,201149,Joakim Noah,Joakim,,,20.000000:46,0.109,0.154,0.111,0.0,0.0,0.0,0.0,0.0,0.263,0.227,0.25,0.143,0.25,0.0,0.0,0.286,0.0,0.127
36,0031300001,1610616834,WST,West NBA All Stars,201142,Kevin Durant,Kevin,F,,34.000000:43,0.285,0.286,0.297,0.429,0.37,0.571,0.4,0.273,0.304,0.294,0.182,0.1,0.111,0.0,0.0,0.0,0.364,0.319
37,0031300001,1610616834,WST,West NBA All Stars,201933,Blake Griffin,Blake,F,,31.000000:56,0.257,0.422,0.277,0.0,0.049,0.0,0.0,0.364,0.095,0.188,0.033,0.2,0.25,0.0,0.0,0.667,0.2,0.349
38,0031300001,1610616834,WST,West NBA All Stars,201567,Kevin Love,Kevin,C,,32.000000:46,0.144,0.119,0.133,0.154,0.163,0.143,0.4,0.125,0.4,0.321,0.071,0.1,0.125,0.0,0.0,0.0,0.3,0.125
39,0031300001,1610616834,WST,West NBA All Stars,201935,James Harden,James,G,,23.000000:46,0.127,0.097,0.117,0.182,0.171,0.0,0.0,0.0,0.071,0.053,0.238,0.25,0.167,0.0,0.0,0.333,0.0,0.105
40,0031300001,1610616834,WST,West NBA All Stars,201939,Stephen Curry,Stephen,G,,27.000000:36,0.199,0.1,0.197,0.2,0.324,0.222,0.167,0.111,0.111,0.111,0.407,0.222,0.125,0.0,0.0,0.333,0.1,0.121
41,0031300001,1610616834,WST,West NBA All Stars,101108,Chris Paul,Chris,,,24.000000:29,0.172,0.118,0.134,0.2,0.174,0.333,0.333,0.143,0.1,0.118,0.65,0.5,0.75,0.0,0.0,0.143,0.429,0.139
42,0031300001,1610616834,WST,West NBA All Stars,2225,Tony Parker,Tony,,,11.000000:25,0.167,0.133,0.152,0.0,0.0,0.0,0.0,0.111,0.1,0.105,0.125,0.333,0.0,0.0,0.0,0.0,0.0,0.125
43,0031300001,1610616834,WST,West NBA All Stars,1717,Dirk Nowitzki,Dirk,,,8.000000:26,0.071,0.0,0.077,0.0,0.25,0.0,0.0,0.0,0.125,0.059,0.0,0.0,0.0,0.0,0.0,0.0,0.0,0.0
44,0031300001,1610616834,WST,West NBA All Stars,2730,Dwight Howard,Dwight,,,13.000000:17,0.147,0.25,0.167,0.0,0.2,0.0,0.0,0.5,0.583,0.55,0.333,0.0,0.0,0.0,0.0,0.0,0.0,0.222
45,0031300001,1610616834,WST,West NBA All Stars,200746,LaMarcus Aldridge,LaMarcus,,,13.000000:17,0.22,0.125,0.25,0.0,0.0,0.0,0.0,0.375,0.167,0.25,0.0,0.0,0.0,0.0,0.0,0.0,0.0,0.111
46,0031300001,1610616834,WST,West NBA All Stars,203076,Anthony Davis,Anthony,,,9.000000:35,0.242,0.385,0.231,0.0,0.0,0.0,0.0,0.0,0.111,0.091,0.0,0.5,0.5,0.0,0.0,0.0,0.0,0.313
47,0031300001,1610616834,WST,West NBA All Stars,203081,Damian Lillard,Damian,,,8.000000:44,0.36,0.3,0.348,0.75,0.5,0.0,0.0,0.0,0.125,0.111,0.0,0.5,0.0,0.0,0.0,1.0,0.0,0.375
48,0031300001,1610616834,WST,West NBA All Stars,977,Kobe Bryant,Kobe,,DND - Fractured Left Knee,,0.0,,,,,,,,,,,,,,,,,
49,0031400001,1610616834,WST,West NBA All Stars,200746,LaMarcus Aldridge,LaMarcus,F,,18.000000:08,0.197,0.269,0.204,0.308,0.138,0.0,0.0,0.1,0.056,0.071,0.0,0.167,0.0,0.0,0.0,0.0,0.0,0.269
50,0031400001,1610616834,WST,West NBA All Stars,202691,Klay Thompson,Klay,F,,19.000000:43,0.174,0.077,0.193,0.083,0.281,1.0,1.0,0.091,0.15,0.129,0.375,0.0,0.0,0.0,1.0,0.0,1.0,0.106
51,0031400001,1610616834,WST,West NBA All Stars,201188,Marc Gasol,Marc,C,,24.000000:55,0.088,0.094,0.088,0.0,0.027,0.0,0.0,0.182,0.348,0.294,0.105,0.1,0.4,0.0,0.0,0.5,0.0,0.071
52,0031400001,1610616834,WST,West NBA All Stars,201939,Stephen Curry,Stephen,G,,26.000000:36,0.242,0.171,0.219,0.188,0.256,0.0,0.0,0.308,0.208,0.243,0.227,0.417,0.167,0.0,0.0,0.333,0.333,0.167
53,0031400001,1610616834,WST,West NBA All Stars,201935,James Harden,James,G,,26.000000:36,0.231,0.314,0.219,0.438,0.308,0.0,0.0,0.231,0.208,0.216,0.364,0.333,0.333,0.0,0.0,0.0,0.0,0.322
54,0031400001,1610616834,WST,West NBA All Stars,201566,Russell Westbrook,Russell,,,25.000000:33,0.369,0.457,0.4,0.417,0.3,0.667,0.571,0.231,0.083,0.135,0.04,0.091,0.333,0.0,0.0,0.0,0.4,0.466
55,0031400001,1610616834,WST,West NBA All Stars,201142,Kevin Durant,Kevin,,,9.000000:55,0.252,0.077,0.222,0.333,0.462,0.0,0.0,0.0,0.273,0.214,0.091,0.667,0.2,0.0,0.0,0.0,0.0,0.094
56,0031400001,1610616834,WST,West NBA All Stars,1495,Tim Duncan,Tim,,,15.000000:14,0.041,0.042,0.048,0.0,0.0,0.0,0.0,0.167,0.444,0.375,0.118,0.0,0.0,0.0,0.0,0.0,0.0,0.034
57,0031400001,1610616834,WST,West NBA All Stars,101108,Chris Paul,Chris,,,26.000000:46,0.176,0.167,0.183,0.0,0.097,0.0,0.0,0.083,0.2,0.162,0.652,0.182,0.222,0.0,0.0,0.0,0.0,0.133
58,0031400001,1610616834,WST,West NBA All Stars,203081,Damian Lillard,Damian,,,16.000000:28,0.279,0.16,0.25,0.429,0.474,0.0,0.0,0.2,0.0,0.071,0.125,0.5,0.25,0.0,1.0,0.0,0.0,0.183
59,0031400001,1610616834,WST,West NBA All Stars,202326,DeMarcus Cousins,DeMarcus,,,18.000000:06,0.144,0.24,0.14,0.0,0.0,1.0,1.0,0.364,0.188,0.259,0.0,0.091,0.0,0.0,0.0,1.0,1.0,0.233
60,0031400001,1610616834,WST,West NBA All Stars,1717,Dirk Nowitzki,Dirk,,,12.000000:00,0.119,0.154,0.156,0.333,0.118,0.0,0.0,0.286,0.333,0.313,0.0,0.0,0.333,0.0,0.0,0.0,0.0,0.167
61,0031400001,1610616833,EST,East NBA All Stars,2546,Carmelo Anthony,Carmelo,F,,30.000000:16,0.225,0.146,0.244,0.154,0.302,0.0,0.0,0.25,0.182,0.206,0.0,0.1,0.1,0.5,0.0,0.5,0.0,0.144
62,0031400001,1610616833,EST,East NBA All Stars,2544,LeBron James,LeBron,F,,31.000000:45,0.277,0.25,0.244,0.286,0.279,0.8,0.833,0.091,0.154,0.135,0.28,0.444,0.222,0.0,0.0,0.25,0.667,0.28
63,0031400001,1610616833,EST,East NBA All Stars,2200,Pau Gasol,Pau,C,,25.000000:44,0.088,0.152,0.1,0.0,0.0,0.0,0.0,0.4,0.381,0.387,0.125,0.0,0.125,1.0,0.0,0.0,0.0,0.127
64,0031400001,1610616833,EST,East NBA All Stars,200768,Kyle Lowry,Kyle,G,,25.000000:35,0.172,0.114,0.181,0.167,0.282,0.0,0.0,0.1,0.095,0.097,0.4,0.125,0.333,0.0,0.0,0.0,0.0,0.118
65,0031400001,1610616833,EST,East NBA All Stars,202322,John Wall,John,G,,29.000000:17,0.221,0.231,0.203,0.091,0.1,0.0,0.0,0.0,0.143,0.091,0.333,0.4,0.2,0.0,0.0,0.333,0.0,0.209
66,0031400001,1610616833,EST,East NBA All Stars,202681,Kyrie Irving,Kyrie,,,19.000000:08,0.171,0.167,0.173,0.182,0.176,0.2,0.167,0.25,0.364,0.316,0.313,0.25,0.0,0.0,0.0,0.0,0.333,0.172
67,0031400001,1610616833,EST,East NBA All Stars,201143,Al Horford,Al,,,13.000000:30,0.158,0.2,0.158,0.0,0.0,0.0,0.0,0.75,0.286,0.389,0.133,0.2,0.0,0.0,0.0,0.5,0.0,0.154
68,0031400001,1610616833,EST,East NBA All Stars,201952,Jeff Teague,Jeff,,,13.000000:27,0.233,0.3,0.25,0.25,0.125,0.0,0.0,0.0,0.071,0.063,0.133,0.143,0.333,0.0,0.0,0.0,0.0,0.292
69,0031400001,1610616833,EST,East NBA All Stars,200794,Paul Millsap,Paul,,,15.000000:35,0.16,0.095,0.143,0.111,0.136,0.0,0.0,0.25,0.357,0.333,0.2,0.25,0.286,0.0,0.0,0.0,0.0,0.098
70,0031400001,1610616833,EST,East NBA All Stars,2594,Kyle Korver,Kyle,,,15.000000:35,0.26,0.333,0.31,0.778,0.545,0.0,0.0,0.0,0.071,0.056,0.133,0.0,0.0,0.0,0.0,0.5,0.0,0.412
71,0031400001,1610616833,EST,East NBA All Stars,2547,Chris Bosh,Chris,,,10.000000:55,0.206,0.267,0.214,0.286,0.222,0.0,0.0,0.25,0.4,0.333,0.091,0.167,0.286,0.0,0.0,0.0,0.0,0.27
72,0031400001,1610616833,EST,East NBA All Stars,202710,Jimmy Butler,Jimmy,,,9.000000:13,0.194,0.25,0.174,0.0,0.1,0.0,0.0,0.25,0.0,0.091,0.125,0.25,0.333,0.0,0.0,0.0,0.0,0.214
73,0031500001,1610616834,WST,West NBA All Stars,977,Kobe Bryant,Kobe,F,,25.000000:49,0.137,0.085,0.128,0.071,0.109,1.0,1.0,0.1,0.227,0.188,0.259,0.125,0.071,0.0,0.0,0.5,0.5,0.092
74,0031500001,1610616834,WST,West NBA All Stars,202695,Kawhi Leonard,Kawhi,F,,25.000000:39,0.181,0.17,0.176,0.071,0.13,0.0,0.0,0.3,0.136,0.188,0.111,0.25,0.143,0.0,0.0,0.0,0.0,0.156
75,0031500001,1610616834,WST,West NBA All Stars,201142,Kevin Durant,Kevin,C,,22.000000:55,0.21,0.275,0.234,0.077,0.182,0.0,0.0,0.222,0.158,0.179,0.304,0.0,0.154,0.0,0.0,0.0,0.333,0.245
76,0031500001,1610616834,WST,West NBA All Stars,201939,Stephen Curry,Stephen,G,,28.000000:50,0.193,0.189,0.189,0.333,0.245,0.0,0.0,0.1,0.167,0.147,0.2,0.25,0.267,0.0,0.0,0.333,0.0,0.208
77,0031500001,1610616834,WST,West NBA All Stars,201566,Russell Westbrook,Russell,G,,22.000000:11,0.31,0.3,0.307,0.538,0.405,0.0,0.0,0.333,0.263,0.286,0.217,0.375,0.417,0.0,1.0,0.5,0.0,0.33
78,0031500001,1610616834,WST,West NBA All Stars,202691,Klay Thompson,Klay,,,21.000000:05,0.167,0.091,0.183,0.2,0.323,0.0,0.0,0.143,0.053,0.077,0.087,0.0,0.167,0.0,0.0,0.0,0.0,0.111
79,0031500001,1610616834,WST,West NBA All Stars,201935,James Harden,James,,,21.000000:05,0.227,0.242,0.233,0.467,0.387,0.0,0.0,0.0,0.211,0.154,0.13,0.167,0.0,0.0,0.0,0.0,0.0,0.284
80,0031500001,1610616834,WST,West NBA All Stars,203076,Anthony Davis,Anthony,,,15.000000:19,0.277,0.5,0.302,0.0,0.0,0.0,0.0,0.6,0.2,0.3,0.0,0.0,0.25,0.0,0.0,1.0,0.0,0.421
81,0031500001,1610616834,WST,West NBA All Stars,101108,Chris Paul,Chris,,,19.000000:10,0.183,0.172,0.13,0.308,0.222,0.0,0.0,0.0,0.222,0.16,0.762,0.667,0.2,0.0,0.0,0.2,0.5,0.197
82,0031500001,1610616834,WST,West NBA All Stars,200746,LaMarcus Aldridge,LaMarcus,,,14.000000:13,0.182,0.091,0.2,0.0,0.059,0.0,0.0,0.2,0.214,0.211,0.063,0.0,0.25,0.0,1.0,0.0,0.0,0.078
83,0031500001,1610616834,WST,West NBA All Stars,203110,Draymond Green,Draymond,,,12.000000:08,0.184,0.091,0.167,0.0,0.045,0.0,0.0,0.333,0.4,0.385,0.0,0.5,0.667,0.0,0.0,0.2,0.25,0.07
84,0031500001,1610616834,WST,West NBA All Stars,202326,DeMarcus Cousins,DeMarcus,,,11.000000:36,0.139,0.25,0.147,0.091,0.048,0.0,0.0,0.333,0.333,0.333,0.083,0.0,0.0,0.0,0.0,0.4,0.5,0.216
85,0031500001,1610616833,EST,East NBA All Stars,2544,LeBron James,LeBron,F,,20.000000:13,0.233,0.182,0.22,0.091,0.161,0.0,0.0,0.0,0.222,0.16,0.389,0.286,0.0,0.0,0.0,0.0,0.0,0.169
86,0031500001,1610616833,EST,East NBA All Stars,202331,Paul George,Paul,F,,26.000000:49,0.295,0.356,0.329,0.75,0.514,0.0,0.0,0.0,0.192,0.147,0.056,0.158,0.125,0.0,0.0,0.0,0.0,0.402
87,0031500001,1610616833,EST,East NBA All Stars,2546,Carmelo Anthony,Carmelo,C,,22.000000:56,0.162,0.158,0.172,0.1,0.172,0.0,0.0,0.5,0.143,0.222,0.0,0.125,0.0,0.5,0.0,0.667,0.333,0.151
88,0031500001,1610616833,EST,East NBA All Stars,2548,Dwyane Wade,Dwyane,G,,22.000000:56,0.124,0.105,0.109,0.0,0.034,0.0,0.0,0.167,0.143,0.148,0.333,0.188,0.286,0.0,0.0,0.0,0.0,0.093
89,0031500001,1610616833,EST,East NBA All Stars,200768,Kyle Lowry,Kyle,G,,28.000000:31,0.186,0.114,0.159,0.333,0.308,0.0,0.0,0.0,0.2,0.147,0.417,0.316,0.286,1.0,0.0,0.333,0.0,0.139
90,0031500001,1610616833,EST,East NBA All Stars,201942,DeMar DeRozan,DeMar,,,18.000000:54,0.279,0.346,0.288,0.0,0.167,0.0,1.0,0.2,0.0,0.048,0.222,0.2,0.333,0.0,0.0,0.0,0.5,0.31
91,0031500001,1610616833,EST,East NBA All Stars,202322,John Wall,John,,,19.000000:29,0.261,0.323,0.255,0.25,0.2,0.0,0.0,0.0,0.176,0.13,0.3,0.4,0.25,0.0,0.0,0.0,0.0,0.306
92,0031500001,1610616833,EST,East NBA All Stars,200794,Paul Millsap,Paul,,,19.000000:04,0.093,0.033,0.102,0.1,0.074,0.0,0.0,0.143,0.133,0.136,0.077,0.0,0.0,0.0,0.0,0.0,0.0,0.041
93,0031500001,1610616833,EST,East NBA All Stars,202738,Isaiah Thomas,Isaiah,,,18.000000:59,0.188,0.148,0.193,0.143,0.208,0.0,0.0,0.429,0.0,0.125,0.083,0.143,0.5,0.0,0.0,0.333,0.0,0.148
94,0031500001,1610616833,EST,East NBA All Stars,2200,Pau Gasol,Pau,,,14.000000:31,0.219,0.15,0.184,0.0,0.125,1.0,1.0,0.2,0.429,0.368,0.111,0.167,0.333,0.0,0.0,0.667,0.8,0.2
95,0031500001,1610616833,EST,East NBA All Stars,203083,Andre Drummond,Andre,,,18.000000:13,0.197,0.276,0.216,0.0,0.048,0.0,0.0,0.714,0.533,0.591,0.0,0.125,0.667,0.0,0.0,0.2,0.0,0.239
96,0031500001,1610616833,EST,East NBA All Stars,201143,Al Horford,Al,,,9.000000:25,0.108,0.214,0.12,0.167,0.083,0.0,0.0,0.0,0.6,0.429,0.286,0.0,0.0,0.0,0.0,0.0,0.0,0.189
97,0031600001,1610616833,EST,East NBA All Stars,202710,Jimmy Butler,Jimmy,F,,19.000000:29,0.082,0.094,0.077,0.0,0.056,0.0,0.0,0.0,0.176,0.167,0.105,0.125,0.125,0.0,0.0,0.0,0.0,0.083
98,0031600001,1610616833,EST,East NBA All Stars,2544,LeBron James,LeBron,F,,19.000000:29,0.345,0.313,0.327,0.5,0.444,0.0,0.0,0.0,0.176,0.167,0.053,0.5,0.0,0.0,0.0,1.0,0.143,0.319
99,0031600001,1610616833,EST,East NBA All Stars,203507,Giannis Antetokounmpo,Giannis,C,,22.000000:53,0.25,0.378,0.279,0.0,0.05,1.0,1.0,0.75,0.15,0.25,0.05,0.0,0.375,1.0,0.0,0.0,0.222,0.366
100,0031600001,1610616833,EST,East NBA All Stars,201942,DeMar DeRozan,DeMar,G,,24.000000:04,0.238,0.195,0.211,0.0,0.0,0.0,0.0,0.2,0.222,0.217,0.207,0.5,0.167,0.0,1.0,0.0,0.2,0.165
101,0031600001,1610616833,EST,East NBA All Stars,202681,Kyrie Irving,Kyrie,G,,21.000000:52,0.195,0.211,0.19,0.462,0.32,0.0,0.0,0.4,0.294,0.318,0.519,0.25,0.3,0.0,0.0,0.333,0.2,0.242
102,0031600001,1610616833,EST,East NBA All Stars,200794,Paul Millsap,Paul,,,13.000000:26,0.085,0.08,0.095,0.125,0.15,0.0,0.0,0.0,0.417,0.313,0.25,0.0,0.25,0.0,0.0,0.0,0.5,0.086
103,0031600001,1610616833,EST,East NBA All Stars,202331,Paul George,Paul,,,22.000000:05,0.213,0.167,0.235,0.0,0.212,0.0,0.0,0.0,0.263,0.2,0.143,0.0,0.0,0.0,0.0,0.0,0.0,0.143
104,0031600001,1610616833,EST,East NBA All Stars,200768,Kyle Lowry,Kyle,,,17.000000:43,0.219,0.226,0.2,0.417,0.321,0.0,0.0,0.2,0.133,0.15,0.0,0.375,0.286,0.0,0.0,0.5,0.0,0.25
105,0031600001,1610616833,EST,East NBA All Stars,202738,Isaiah Thomas,Isaiah,,,18.000000:48,0.286,0.226,0.278,0.444,0.385,1.0,1.0,0.2,0.0,0.05,0.25,0.25,0.0,0.0,0.0,0.0,0.333,0.274
106,0031600001,1610616833,EST,East NBA All Stars,202322,John Wall,John,,,20.000000:56,0.212,0.176,0.194,0.0,0.069,0.0,0.0,0.2,0.313,0.286,0.286,0.375,0.571,0.0,0.0,0.5,0.667,0.152
107,0031600001,1610616833,EST,East NBA All Stars,2546,Carmelo Anthony,Carmelo,,,19.000000:00,0.136,0.154,0.16,0.25,0.25,0.0,0.0,0.0,0.188,0.15,0.0,0.0,0.0,0.0,0.0,0.0,0.0,0.161
108,0031600001,1610616833,EST,East NBA All Stars,202689,Kemba Walker,Kemba,,,20.000000:15,0.092,0.111,0.109,0.125,0.154,0.0,0.0,0.2,0.111,0.13,0.429,0.0,0.2,0.0,0.0,0.0,0.4,0.109
109,0031600001,1610616833,EST,East NBA All Stars,201567,Kevin Love,Kevin,,DND - Injured,,0.0,,,,,,,,,,,,,,,,,
110,0031600001,1610616834,WST,West NBA All Stars,201142,Kevin Durant,Kevin,F,,27.000000:09,0.185,0.196,0.2,0.2,0.25,1.0,1.0,0.444,0.222,0.278,0.303,0.0,0.286,0.0,0.0,0.143,0.667,0.204
111,0031600001,1610616834,WST,West NBA All Stars,202695,Kawhi Leonard,Kawhi,F,,14.000000:47,0.077,0.077,0.089,0.0,0.091,0.0,0.0,0.0,0.133,0.111,0.105,0.0,0.2,0.0,0.0,0.0,0.0,0.068
112,0031600001,1610616834,WST,West NBA All Stars,203076,Anthony Davis,Anthony,C,,31.000000:50,0.371,0.473,0.415,0.0,0.103,0.0,0.0,0.4,0.194,0.244,0.0,0.077,0.2,0.0,1.0,0.143,0.0,0.419
113,0031600001,1610616834,WST,West NBA All Stars,201939,Stephen Curry,Stephen,G,,28.000000:18,0.169,0.174,0.193,0.455,0.289,0.0,0.0,0.111,0.107,0.108,0.182,0.0,0.143,0.0,0.0,0.375,0.0,0.202
114,0031600001,1610616834,WST,West NBA All Stars,201935,James Harden,James,G,,30.000000:23,0.183,0.077,0.099,0.308,0.231,0.0,0.0,0.0,0.226,0.171,0.324,0.833,0.0,0.0,0.0,0.333,0.25,0.102
115,0031600001,1610616834,WST,West NBA All Stars,201566,Russell Westbrook,Russell,,,19.000000:42,0.434,0.421,0.433,0.7,0.52,1.0,1.0,0.333,0.167,0.208,0.259,0.333,0.111,0.0,0.0,0.333,0.667,0.466
116,0031600001,1610616834,WST,West NBA All Stars,203110,Draymond Green,Draymond,,,16.000000:31,0.073,0.033,0.041,0.0,0.0,0.0,0.0,0.0,0.467,0.35,0.273,0.4,0.5,0.0,0.0,0.333,0.0,0.029
117,0031600001,1610616834,WST,West NBA All Stars,201188,Marc Gasol,Marc,,,21.000000:29,0.122,0.135,0.106,0.0,0.071,0.0,0.0,0.3,0.333,0.323,0.308,0.286,0.125,1.0,0.0,0.0,0.0,0.119
118,0031600001,1610616834,WST,West NBA All Stars,202330,Gordon Hayward,Gordon,,,17.000000:17,0.117,0.121,0.132,0.0,0.12,0.0,0.0,0.167,0.0,0.05,0.087,0.0,0.5,0.0,0.0,0.0,0.0,0.103
119,0031600001,1610616834,WST,West NBA All Stars,202691,Klay Thompson,Klay,,,17.000000:37,0.155,0.156,0.173,0.25,0.25,0.0,0.0,0.0,0.133,0.1,0.217,0.0,0.0,0.0,0.0,0.2,0.0,0.162
120,0031600001,1610616834,WST,West NBA All Stars,201599,DeAndre Jordan,DeAndre,,,12.000000:30,0.132,0.143,0.143,0.0,0.105,0.0,0.0,0.0,0.231,0.2,0.133,0.0,0.0,0.0,0.0,0.25,0.0,0.12
121,0031600001,1610616834,WST,West NBA All Stars,202326,DeMarcus Cousins,DeMarcus,,,2.000000:27,0.429,0.25,0.429,1.0,0.75,0.0,0.0,0.0,0.0,0.0,0.0,0.0,1.0,0.0,0.0,0.0,0.0,0.333
122,0031700001,1610616833,LBN,Team,2544,LeBron James,LeBron,F,,31.000000:17,0.254,0.3,0.233,0.333,0.258,0.2,0.167,0.0,0.385,0.294,0.258,0.455,0.167,0.0,0.0,0.167,0.5,0.299
123,0031700001,1610616833,LBN,Team,201142,Kevin Durant,Kevin,F,,29.000000:57,0.194,0.184,0.186,0.25,0.267,0.4,0.333,0.125,0.217,0.194,0.172,0.2,0.5,0.5,0.0,0.25,0.125,0.204
124,0031700001,1610616833,LBN,Team,203076,Anthony Davis,Anthony,C,,16.000000:40,0.213,0.353,0.237,0.0,0.067,0.0,0.0,0.25,0.063,0.1,0.067,0.125,0.0,0.0,0.0,0.286,0.0,0.3
125,0031700001,1610616833,LBN,Team,201566,Russell Westbrook,Russell,G,,28.000000:28,0.174,0.108,0.167,0.1,0.222,0.4,0.5,0.429,0.192,0.242,0.276,0.167,0.0,0.0,0.333,0.2,0.25,0.124
126,0031700001,1610616833,LBN,Team,202681,Kyrie Irving,Kyrie,G,,27.000000:36,0.211,0.158,0.232,0.077,0.161,0.0,0.0,0.286,0.217,0.233,0.346,0.111,0.167,0.0,0.333,0.2,0.143,0.138
127,0031700001,1610616833,LBN,Team,200746,LaMarcus Aldridge,LaMarcus,,,4.000000:28,0.091,0.0,0.091,0.0,0.0,0.0,0.0,0.0,0.0,0.0,0.0,0.0,0.0,1.0,0.0,0.0,0.0,0.0
128,0031700001,1610616833,LBN,Team,203078,Bradley Beal,Bradley,,,16.000000:51,0.224,0.217,0.213,0.5,0.296,0.0,0.0,0.0,0.0,0.0,0.0,0.5,0.2,0.0,1.0,0.167,0.0,0.259
129,0031700001,1610616833,LBN,Team,203506,Victor Oladipo,Victor,,,15.000000:00,0.182,0.15,0.186,0.125,0.214,0.0,0.0,0.0,0.182,0.154,0.333,0.0,0.6,0.0,0.0,0.0,0.0,0.146
130,0031700001,1610616833,LBN,Team,202331,Paul George,Paul,,,26.000000:30,0.195,0.162,0.211,0.364,0.294,0.0,0.0,0.2,0.211,0.208,0.211,0.0,0.25,0.0,0.333,0.222,0.0,0.182
131,0031700001,1610616833,LBN,Team,203083,Andre Drummond,Andre,,,17.000000:36,0.154,0.304,0.143,0.0,0.0,0.0,0.0,0.5,0.154,0.2,0.0,0.333,0.0,1.0,0.0,0.333,0.0,0.264
132,0031700001,1610616833,LBN,Team,201609,Goran Dragic,Goran,,,11.000000:28,0.121,0.091,0.111,0.0,0.071,0.0,0.0,0.0,0.364,0.308,0.143,0.167,0.0,0.0,0.0,0.4,0.0,0.083
133,0031700001,1610616833,LBN,Team,202689,Kemba Walker,Kemba,,,14.000000:09,0.25,0.263,0.278,0.167,0.25,0.0,0.0,0.333,0.071,0.118,0.077,0.0,0.0,0.0,0.0,0.0,0.0,0.25
134,0031700001,1610616834,STP,Team,201942,DeMar DeRozan,DeMar,F,,26.000000:46,0.221,0.241,0.191,0.167,0.091,0.6,0.583,0.167,0.174,0.171,0.091,0.25,0.222,0.0,0.0,0.25,0.4,0.284
135,0031700001,1610616834,STP,Team,203507,Giannis Antetokounmpo,Giannis,F,,26.000000:34,0.217,0.231,0.197,0.0,0.051,0.4,0.462,0.267,0.115,0.171,0.143,0.182,0.0,0.0,0.0,0.286,0.3,0.225
136,0031700001,1610616834,STP,Team,203954,Joel Embiid,Joel,C,,20.000000:05,0.211,0.348,0.245,0.286,0.148,0.143,0.125,0.333,0.313,0.32,0.067,0.0,0.167,0.667,1.0,0.75,0.429,0.317
137,0031700001,1610616834,STP,Team,201935,James Harden,James,G,,27.000000:04,0.253,0.179,0.279,0.182,0.333,0.0,0.0,0.071,0.231,0.175,0.5,0.214,0.25,0.333,0.0,0.167,0.182,0.158
138,0031700001,1610616834,STP,Team,201939,Stephen Curry,Stephen,G,,26.000000:35,0.236,0.143,0.209,0.273,0.289,0.0,0.0,0.154,0.154,0.154,0.313,0.462,0.25,0.0,0.0,0.0,0.091,0.145
139,0031700001,1610616834,STP,Team,1626157,Karl-Anthony Towns,Karl-Anthony,,,18.000000:11,0.226,0.333,0.244,0.125,0.16,0.333,0.25,0.4,0.333,0.357,0.0,0.111,0.0,0.0,0.5,0.0,0.143,0.304
140,0031700001,1610616834,STP,Team,203110,Draymond Green,Draymond,,,18.000000:14,0.038,0.0,0.0,0.0,0.0,0.375,0.444,0.3,0.143,0.208,0.111,0.0,0.25,1.0,0.0,0.0,0.286,0.048
141,0031700001,1610616834,STP,Team,202691,Klay Thompson,Klay,,,21.000000:25,0.173,0.192,0.196,0.455,0.313,0.0,0.0,0.083,0.143,0.121,0.0,0.111,0.0,0.0,0.0,0.0,0.0,0.211
142,0031700001,1610616834,STP,Team,203081,Damian Lillard,Damian,,,20.000000:56,0.235,0.333,0.25,0.5,0.308,0.0,0.0,0.2,0.056,0.107,0.105,0.333,0.0,0.0,0.0,0.0,0.143,0.304
143,0031700001,1610616834,STP,Team,200768,Kyle Lowry,Kyle,,,21.000000:26,0.182,0.074,0.193,0.0,0.296,0.0,0.0,0.182,0.278,0.241,0.579,0.25,0.5,0.0,1.0,0.5,0.0,0.058
144,0031700001,1610616834,STP,Team,201143,Al Horford,Al,,,12.000000:46,0.12,0.133,0.121,0.0,0.111,0.4,0.333,0.0,0.357,0.278,0.167,0.0,0.25,0.0,0.0,0.0,0.2,0.15
145,0031700001,1610616834,STP,Team,202710,Jimmy Butler,Jimmy,,DNP - Coach's Decision,,0.0,,,,,,,,,,,,,,,,,
146,0031800001,1610616834,LBN,Team,202695,Kawhi Leonard,Kawhi,F,,18.000000:33,0.26,0.259,0.28,0.417,0.367,0.0,0.0,0.25,0.286,0.278,0.125,0.0,0.0,0.5,0.0,0.25,0.0,0.284
147,0031800001,1610616834,LBN,Team,2544,LeBron James,LeBron,F,,26.000000:32,0.245,0.265,0.262,0.063,0.19,0.0,0.125,0.5,0.222,0.258,0.211,0.2,0.0,0.4,0.0,0.167,0.2,0.209
148,0031800001,1610616834,LBN,Team,201142,Kevin Durant,Kevin,C,,25.000000:26,0.255,0.313,0.231,0.4,0.214,0.714,0.625,0.0,0.269,0.219,0.125,0.333,0.333,0.4,0.0,0.167,0.6,0.36
149,0031800001,1610616834,LBN,Team,201935,James Harden,James,G,,26.000000:13,0.202,0.114,0.191,0.267,0.302,0.0,0.0,0.0,0.143,0.108,0.143,0.375,0.2,0.0,0.0,0.143,0.0,0.13
150,0031800001,1610616834,LBN,Team,202681,Kyrie Irving,Kyrie,G,,24.000000:45,0.173,0.182,0.188,0.071,0.1,0.0,0.0,0.5,0.2,0.273,0.3,0.125,0.2,0.25,1.0,0.6,0.0,0.149
151,0031800001,1610616834,LBN,Team,203081,Damian Lillard,Damian,,,24.000000:41,0.248,0.171,0.243,0.286,0.34,0.0,0.0,0.375,0.111,0.171,0.25,0.5,0.4,0.0,0.0,0.0,0.0,0.198
152,0031800001,1610616834,LBN,Team,202691,Klay Thompson,Klay,,,22.000000:18,0.23,0.212,0.235,0.316,0.255,0.0,0.0,0.1,0.333,0.258,0.19,0.0,0.25,0.0,0.0,0.5,0.0,0.235
153,0031800001,1610616834,LBN,Team,200746,LaMarcus Aldridge,LaMarcus,,,10.000000:47,0.054,0.067,0.056,0.0,0.0,0.0,0.0,0.0,0.333,0.222,0.1,0.0,0.0,0.0,0.0,0.0,1.0,0.049
154,0031800001,1610616834,LBN,Team,203076,Anthony Davis,Anthony,,,4.000000:53,0.125,0.333,0.133,0.333,0.091,0.0,0.0,0.0,0.25,0.167,0.0,0.0,0.0,0.0,0.0,0.0,0.0,0.333
155,0031800001,1610616834,LBN,Team,203078,Bradley Beal,Bradley,,,17.000000:42,0.196,0.148,0.2,0.167,0.238,0.0,0.0,0.125,0.0,0.042,0.15,0.0,0.25,0.0,0.0,0.0,0.0,0.153
156,0031800001,1610616834,LBN,Team,2548,Dwyane Wade,Dwyane,,,10.000000:27,0.173,0.125,0.138,0.143,0.118,0.333,0.333,0.0,0.286,0.167,0.364,0.333,0.0,0.0,0.0,0.0,0.333,0.156
157,0031800001,1610616834,LBN,Team,1627732,Ben Simmons,Ben,,,16.000000:35,0.086,0.179,0.091,0.0,0.0,0.0,0.0,0.333,0.133,0.222,0.389,0.0,0.25,0.0,0.0,0.0,0.0,0.139
158,0031800001,1610616834,LBN,Team,1626157,Karl-Anthony Towns,Karl-Anthony,,,11.000000:08,0.184,0.263,0.2,0.125,0.15,0.0,0.0,0.25,0.125,0.188,0.077,0.0,0.333,0.0,0.0,0.0,0.0,0.239
159,0031800001,1610616833,GNS,Team,202331,Paul George,Paul,F,,25.000000:41,0.173,0.219,0.194,0.6,0.343,0.0,0.0,0.0,0.105,0.065,0.222,0.0,0.429,0.0,0.0,0.0,0.0,0.26
160,0031800001,1610616833,GNS,Team,203507,Giannis Antetokounmpo,Giannis,F,,27.000000:09,0.305,0.472,0.291,0.167,0.15,0.5,0.333,0.308,0.269,0.282,0.2,0.429,0.2,0.0,0.25,0.5,0.286,0.432
161,0031800001,1610616833,GNS,Team,203954,Joel Embiid,Joel,C,,23.000000:11,0.198,0.138,0.179,0.0,0.086,0.5,0.667,0.5,0.273,0.353,0.056,0.167,0.2,1.0,0.5,0.5,0.571,0.141
162,0031800001,1610616833,GNS,Team,201939,Stephen Curry,Stephen,G,,29.000000:25,0.258,0.143,0.267,0.25,0.37,0.2,0.143,0.067,0.286,0.209,0.241,0.25,0.0,0.0,0.2,0.0,0.125,0.162
163,0031800001,1610616833,GNS,Team,202689,Kemba Walker,Kemba,G,,20.000000:19,0.122,0.069,0.133,0.0,0.156,0.0,0.0,0.0,0.05,0.036,0.421,0.0,0.25,0.0,0.25,0.0,0.0,0.056
164,0031800001,1610616833,GNS,Team,203999,Nikola Jokic,Nikola,,,13.000000:11,0.111,0.15,0.098,0.0,0.0,0.0,0.0,0.429,0.4,0.409,0.0,0.25,0.0,0.0,0.0,0.5,0.0,0.125
165,0031800001,1610616833,GNS,Team,203114,Khris Middleton,Khris,,,21.000000:37,0.188,0.219,0.188,0.462,0.25,0.0,0.0,0.267,0.04,0.125,0.19,0.2,0.0,0.0,0.0,0.0,0.0,0.256
166,0031800001,1610616833,GNS,Team,200768,Kyle Lowry,Kyle,,,12.000000:44,0.147,0.063,0.135,0.2,0.222,0.0,0.0,0.0,0.188,0.136,0.273,0.333,0.0,0.0,0.0,1.0,0.0,0.077
167,0031800001,1610616833,GNS,Team,201566,Russell Westbrook,Russell,,,19.000000:20,0.344,0.32,0.357,0.091,0.25,0.0,0.0,0.0,0.235,0.16,0.2,0.2,0.333,0.0,0.0,0.0,0.0,0.279
168,0031800001,1610616833,GNS,Team,201933,Blake Griffin,Blake,,,19.000000:41,0.124,0.148,0.136,0.143,0.108,0.0,0.0,0.3,0.136,0.188,0.167,0.0,0.0,0.0,0.5,0.0,0.333,0.143
169,0031800001,1610616833,GNS,Team,1717,Dirk Nowitzki,Dirk,,,3.000000:59,0.4,0.429,0.333,0.6,0.429,0.0,0.0,0.0,0.0,0.0,0.0,1.0,0.0,0.0,0.0,0.0,0.0,0.474
170,0031800001,1610616833,GNS,Team,1626156,D'Angelo Russell,D'Angelo,,,12.000000:05,0.16,0.111,0.152,0.182,0.238,0.0,0.0,0.0,0.143,0.083,0.25,0.25,0.0,0.0,0.0,0.0,0.333,0.125
171,0031800001,1610616833,GNS,Team,202696,Nikola Vucevic,Nikola,,,11.000000:38,0.058,0.118,0.063,0.0,0.0,0.0,0.0,0.5,0.375,0.417,0.222,0.0,0.5,0.0,0.0,0.0,0.0,0.089
172,0031800001,1610616833,GNS,Team,203506,Victor Oladipo,Victor,,DND - Injury/Illness,,0.0,,,,,,,,,,,,,,,,,
173,0031900001,1610616834,LBN,Team,202695,Kawhi Leonard,Kawhi,F,,20.000000:21,0.208,0.314,0.24,0.5,0.292,0.0,0.0,0.125,0.261,0.226,0.211,0.083,0.25,0.0,0.0,0.182,0.222,0.326
174,0031900001,1610616834,LBN,Team,2544,LeBron James,LeBron,F,,18.000000:48,0.324,0.265,0.278,0.125,0.213,0.5,0.4,0.25,0.143,0.172,0.316,0.6,0.125,0.286,0.5,0.091,0.222,0.256
175,0031900001,1610616834,LBN,Team,203076,Anthony Davis,Anthony,C,,20.000000:21,0.197,0.257,0.213,0.063,0.125,0.167,0.2,0.25,0.304,0.29,0.053,0.083,0.375,0.375,0.5,0.273,0.222,0.217
176,0031900001,1610616834,LBN,Team,201935,James Harden,James,G,,17.000000:31,0.166,0.094,0.136,0.2,0.209,0.333,0.4,0.0,0.167,0.136,0.316,0.25,0.1,0.333,0.0,0.455,0.333,0.129
177,0031900001,1610616834,LBN,Team,1629029,Luka Doncic,Luka,G,,17.000000:31,0.116,0.12,0.13,0.154,0.161,0.0,0.0,0.0,0.1,0.083,0.267,0.0,0.143,0.0,0.0,0.0,0.0,0.125
178,0031900001,1610616834,LBN,Team,203999,Nikola Jokic,Nikola,,,11.000000:58,0.112,0.111,0.125,0.167,0.214,0.0,0.0,0.0,0.25,0.2,0.071,0.0,0.2,0.0,0.0,0.333,0.0,0.114
179,0031900001,1610616834,LBN,Team,1627732,Ben Simmons,Ben,,,29.000000:18,0.16,0.276,0.173,0.0,0.0,0.2,0.2,0.2,0.357,0.316,0.238,0.0,0.286,0.5,0.0,0.0,0.333,0.239
180,0031900001,1610616834,LBN,Team,1628369,Jayson Tatum,Jayson,,,13.000000:37,0.196,0.143,0.216,0.0,0.25,0.0,0.0,0.0,0.111,0.091,0.2,0.0,0.5,0.0,0.0,0.0,0.0,0.12
181,0031900001,1610616834,LBN,Team,201566,Russell Westbrook,Russell,,,27.000000:04,0.23,0.087,0.227,0.0,0.19,0.4,0.4,0.4,0.067,0.15,0.167,0.125,0.0,0.0,1.0,0.0,0.333,0.103
182,0031900001,1610616834,LBN,Team,101108,Chris Paul,Chris,,,25.000000:31,0.193,0.276,0.213,0.778,0.344,0.0,0.0,0.0,0.095,0.071,0.273,0.222,0.0,0.0,0.0,0.267,0.063,0.299
183,0031900001,1610616834,LBN,Team,1627734,Domantas Sabonis,Domantas,,,19.000000:00,0.112,0.0,0.04,0.0,0.0,0.667,0.667,0.429,0.333,0.375,0.0,0.125,0.0,0.0,0.0,0.0,0.4,0.065
184,0031900001,1610616834,LBN,Team,1626164,Devin Booker,Devin,,,19.000000:00,0.337,0.25,0.32,0.0,0.308,0.0,0.0,0.286,0.222,0.25,0.0,0.5,0.0,0.5,0.0,0.333,0.0,0.194
185,0031900001,1610616834,LBN,Team,203081,Damian Lillard,Damian,,DNP - Injury/Illness,,0.0,,,,,,,,,,,,,,,,,
186,0031900001,1610616833,GNS,Team,1627783,Pascal Siakam,Pascal,F,,17.000000:33,0.154,0.212,0.167,0.0,0.095,0.1,0.143,0.0,0.24,0.194,0.0,0.083,0.2,0.0,0.333,0.4,0.091,0.183
187,0031900001,1610616833,GNS,Team,203507,Giannis Antetokounmpo,Giannis,F,,30.000000:45,0.25,0.343,0.284,0.167,0.16,0.0,0.125,0.5,0.233,0.289,0.222,0.091,0.2,1.0,0.375,0.267,0.077,0.287
188,0031900001,1610616833,GNS,Team,203954,Joel Embiid,Joel,C,,29.000000:10,0.221,0.25,0.191,0.0,0.087,0.545,0.5,0.286,0.286,0.286,0.063,0.182,0.0,0.0,0.286,0.2,0.385,0.272
189,0031900001,1610616833,GNS,Team,1629027,Trae Young,Trae,G,,15.000000:45,0.275,0.143,0.227,0.5,0.462,0.0,0.0,0.0,0.2,0.15,0.556,0.667,0.0,0.0,0.0,0.333,0.5,0.164
190,0031900001,1610616833,GNS,Team,202689,Kemba Walker,Kemba,G,,29.000000:10,0.244,0.281,0.265,0.833,0.478,0.0,0.0,0.143,0.071,0.086,0.188,0.273,0.25,0.0,0.0,0.067,0.077,0.284
191,0031900001,1610616833,GNS,Team,200768,Kyle Lowry,Kyle,,,28.000000:14,0.186,0.114,0.176,0.167,0.174,0.333,0.235,0.0,0.185,0.135,0.4,0.188,0.333,0.0,0.0,0.364,0.375,0.148
192,0031900001,1610616833,GNS,Team,202710,Jimmy Butler,Jimmy,,,12.000000:55,0.127,0.087,0.054,0.0,0.0,0.0,0.0,0.286,0.071,0.143,0.133,0.444,0.5,0.0,0.0,0.0,0.0,0.08
193,0031900001,1610616833,GNS,Team,203497,Rudy Gobert,Rudy,,,18.000000:50,0.181,0.294,0.2,0.0,0.0,1.0,1.0,0.625,0.333,0.423,0.091,0.0,0.0,0.5,0.0,0.0,0.5,0.284
194,0031900001,1610616833,GNS,Team,1628389,Bam Adebayo,Bam,,,11.000000:40,0.153,0.222,0.161,0.0,0.0,0.0,0.0,0.0,0.167,0.133,0.083,0.143,0.0,0.0,0.333,0.0,0.0,0.2
195,0031900001,1610616833,GNS,Team,1628378,Donovan Mitchell,Donovan,,,14.000000:16,0.237,0.136,0.27,0.25,0.3,0.0,0.0,0.0,0.357,0.294,0.267,0.125,0.667,1.0,0.25,0.333,0.0,0.146
196,0031900001,1610616833,GNS,Team,1627742,Brandon Ingram,Brandon,,,8.000000:33,0.167,0.067,0.138,0.0,0.273,0.0,0.0,0.2,0.0,0.077,0.143,1.0,0.25,0.0,0.0,0.0,0.0,0.063
197,0031900001,1610616833,GNS,Team,203114,Khris Middleton,Khris,,,23.000000:09,0.146,0.087,0.159,0.333,0.333,0.0,0.0,0.0,0.091,0.059,0.182,0.0,0.0,0.0,0.25,0.0,0.0,0.098
198,0032000001,1610616834,LBN,Team,2544,LeBron James,LeBron,F,,12.000000:46,0.187,0.1,0.2,0.0,0.176,0.0,0.0,0.0,0.133,0.111,0.333,0.143,0.0,0.5,0.0,0.0,0.0,0.087
199,0032000001,1610616834,LBN,Team,203507,Giannis Antetokounmpo,Giannis,F,,19.000000:12,0.275,0.372,0.271,0.176,0.1,0.0,0.0,1.0,0.182,0.28,0.097,0.3,0.25,0.5,0.0,0.333,0.667,0.34
200,0032000001,1610616834,LBN,Team,203999,Nikola Jokic,Nikola,C,,19.000000:12,0.094,0.071,0.073,0.0,0.0,0.0,0.0,0.0,0.318,0.292,0.167,0.222,0.0,0.5,0.0,0.5,0.0,0.06
201,0032000001,1610616834,LBN,Team,1629029,Luka Doncic,Luka,G,,31.000000:36,0.138,0.081,0.127,0.167,0.25,0.0,0.0,0.0,0.188,0.143,0.308,0.222,0.0,0.0,0.0,0.5,0.0,0.092
202,0032000001,1610616834,LBN,Team,201939,Stephen Curry,Stephen,G,,21.000000:43,0.26,0.217,0.284,0.421,0.432,0.0,0.0,0.0,0.16,0.143,0.121,0.1,0.4,0.0,0.0,0.0,0.333,0.252
203,0032000001,1610616834,LBN,Team,203081,Damian Lillard,Damian,,,20.000000:56,0.311,0.289,0.323,0.381,0.381,1.0,1.0,0.0,0.077,0.069,0.038,0.182,0.0,0.0,0.0,0.143,0.25,0.323
204,0032000001,1610616834,LBN,Team,101108,Chris Paul,Chris,,,30.000000:47,0.123,0.077,0.095,0.0,0.07,0.0,0.0,0.25,0.28,0.276,0.615,0.333,0.429,0.0,0.0,0.429,0.0,0.058
205,0032000001,1610616834,LBN,Team,203497,Rudy Gobert,Rudy,,,13.000000:22,0.15,0.278,0.171,0.0,0.0,0.0,0.0,0.333,0.429,0.412,0.091,0.0,0.0,0.0,0.0,0.0,0.5,0.213
206,0032000001,1610616834,LBN,Team,1627759,Jaylen Brown,Jaylen,,,26.000000:17,0.319,0.364,0.3,0.417,0.292,0.333,0.6,0.4,0.2,0.25,0.077,0.375,0.5,0.0,0.0,0.25,0.6,0.373
207,0032000001,1610616834,LBN,Team,202331,Paul George,Paul,,,26.000000:17,0.179,0.273,0.2,0.417,0.292,0.0,0.0,0.0,0.133,0.1,0.154,0.125,0.25,0.0,0.0,0.0,0.0,0.288
208,0032000001,1610616834,LBN,Team,1627734,Domantas Sabonis,Domantas,,,17.000000:52,0.066,0.077,0.083,0.0,0.0,0.0,0.0,0.25,0.0,0.111,0.111,0.0,0.0,0.0,0.0,0.0,0.0,0.057
209,0032000001,1610616833,DRT,Team,202695,Kawhi Leonard,Kawhi,F,,19.000000:41,0.148,0.079,0.116,0.143,0.184,0.0,0.0,0.167,0.5,0.409,0.25,0.75,0.1,0.0,0.0,0.0,0.0,0.087
210,0032000001,1610616833,DRT,Team,1628369,Jayson Tatum,Jayson,F,,16.000000:30,0.249,0.273,0.267,0.214,0.257,0.0,0.0,0.143,0.2,0.182,0.241,0.0,0.444,0.0,0.0,0.75,0.25,0.256
211,0032000001,1610616833,DRT,Team,1629627,Zion Williamson,Zion,C,,14.000000:21,0.196,0.217,0.209,0.0,0.0,0.0,0.0,0.2,0.0,0.071,0.0,0.0,0.0,0.0,1.0,0.0,0.0,0.189
212,0032000001,1610616833,DRT,Team,203078,Bradley Beal,Bradley,G,,30.000000:34,0.215,0.263,0.229,0.375,0.293,0.0,0.0,0.143,0.059,0.083,0.129,0.143,0.1,0.0,0.0,0.0,0.2,0.274
213,0032000001,1610616833,DRT,Team,202681,Kyrie Irving,Kyrie,G,,32.000000:14,0.204,0.244,0.2,0.118,0.136,0.667,0.6,0.429,0.105,0.192,0.353,0.167,0.2,0.0,0.0,0.286,0.4,0.235
214,0032000001,1610616833,DRT,Team,203897,Zach LaVine,Zach,,,28.000000:19,0.233,0.227,0.222,0.154,0.176,1.0,1.0,0.75,0.067,0.211,0.2,0.2,0.6,0.0,1.0,0.5,0.5,0.224
215,0032000001,1610616833,DRT,Team,202696,Nikola Vucevic,Nikola,,,13.000000:12,0.146,0.118,0.176,0.167,0.25,0.0,0.0,0.0,0.636,0.636,0.091,0.0,0.2,0.0,0.0,0.0,0.0,0.125
216,0032000001,1610616833,DRT,Team,203944,Julius Randle,Julius,,,13.000000:00,0.098,0.125,0.057,0.0,0.0,0.0,0.0,0.0,0.167,0.133,0.182,0.333,0.0,0.0,0.0,0.0,0.0,0.1
217,0032000001,1610616833,DRT,Team,1628378,Donovan Mitchell,Donovan,,,28.000000:19,0.241,0.273,0.273,0.231,0.273,0.0,0.0,0.0,0.267,0.222,0.267,0.111,0.2,0.0,0.0,0.5,0.25,0.259
218,0032000001,1610616833,DRT,Team,201935,James Harden,James,,,31.000000:30,0.217,0.212,0.215,0.389,0.277,0.0,0.0,0.0,0.105,0.083,0.174,0.25,0.143,0.0,0.5,0.0,0.167,0.244
219,0032000001,1610616833,DRT,Team,201144,Mike Conley,Mike,,,12.000000:20,0.207,0.059,0.2,0.111,0.238,0.0,0.0,0.0,0.143,0.1,0.133,0.333,0.167,0.0,0.0,0.25,0.0,0.068
220,0032100001,1610616833,DRT,Team,1628369,Jayson Tatum,Jayson,F,,20.000000:20,0.159,0.111,0.175,0.0,0.154,0.0,0.0,0.5,0.154,0.235,0.238,0.0,0.143,0.0,0.5,0.0,0.0,0.096
221,0032100001,1610616833,DRT,Team,203952,Andrew Wiggins,Andrew,F,,15.000000:15,0.16,0.138,0.149,0.2,0.167,0.0,0.0,0.0,0.0,0.0,0.056,0.333,0.0,0.0,0.5,0.0,0.0,0.147
222,0032100001,1610616833,DRT,Team,203954,Joel Embiid,Joel,C,,30.000000:35,0.249,0.35,0.263,0.357,0.211,0.6,0.6,0.222,0.348,0.313,0.148,0.0,0.0,0.0,0.333,0.0,0.5,0.364
223,0032100001,1610616833,DRT,Team,1629630,Ja Morant,Ja,G,,17.000000:33,0.105,0.094,0.115,0.0,0.038,0.0,0.0,0.0,0.071,0.059,0.143,0.0,0.0,0.0,0.0,0.0,0.0,0.079
224,0032100001,1610616833,DRT,Team,1629027,Trae Young,Trae,G,,19.000000:06,0.22,0.139,0.191,0.214,0.243,0.0,0.0,0.0,0.118,0.087,0.417,0.75,0.4,0.0,0.0,0.0,0.0,0.148
225,0032100001,1610616833,DRT,Team,203897,Zach LaVine,Zach,,,10.000000:47,0.159,0.238,0.167,0.333,0.19,0.0,0.0,0.0,0.158,0.136,0.231,0.167,0.0,0.0,0.0,0.0,0.0,0.226
226,0032100001,1610616833,DRT,Team,1626164,Devin Booker,Devin,,,29.000000:56,0.291,0.265,0.273,0.222,0.31,0.0,0.0,0.0,0.192,0.147,0.095,0.5,0.667,0.0,0.0,0.5,0.167,0.238
227,0032100001,1610616833,DRT,Team,1626157,Karl-Anthony Towns,Karl-Anthony,,,14.000000:12,0.192,0.2,0.205,0.143,0.2,0.0,0.0,1.0,0.214,0.353,0.25,0.143,0.0,0.0,0.0,0.0,0.0,0.184
228,0032100001,1610616833,DRT,Team,203114,Khris Middleton,Khris,,,20.000000:42,0.254,0.063,0.211,0.2,0.263,0.667,0.667,0.286,0.25,0.263,0.182,0.5,0.0,0.0,1.0,0.0,0.333,0.125
229,0032100001,1610616833,DRT,Team,203497,Rudy Gobert,Rudy,,,12.000000:33,0.079,0.176,0.1,0.0,0.0,0.0,0.0,0.0,0.5,0.429,0.0,0.0,0.2,0.0,0.0,0.0,0.5,0.15
230,0032100001,1610616833,DRT,Team,1630163,LaMelo Ball,LaMelo,,,22.000000:23,0.199,0.28,0.229,0.571,0.4,0.0,0.0,0.0,0.214,0.136,0.2,0.0,0.6,0.0,0.0,0.5,0.0,0.29
231,0032100001,1610616833,DRT,Team,1627749,Dejounte Murray,Dejounte,,,26.000000:38,0.233,0.292,0.234,0.167,0.136,0.5,0.5,0.444,0.083,0.238,0.385,0.143,0.0,1.0,0.0,0.0,0.5,0.293
232,0032100001,1610616834,LBN,Team,2544,LeBron James,LeBron,F,,36.000000:15,0.265,0.22,0.27,0.095,0.224,0.0,0.0,0.077,0.2,0.158,0.276,0.25,0.429,0.167,0.0,0.0,0.0,0.195
233,0032100001,1610616834,LBN,Team,203507,Giannis Antetokounmpo,Giannis,F,,26.000000:40,0.21,0.288,0.228,0.0,0.068,0.0,0.0,0.417,0.269,0.316,0.194,0.083,0.333,0.2,0.0,0.75,0.0,0.242
234,0032100001,1610616834,LBN,Team,203999,Nikola Jokic,Nikola,C,,21.000000:01,0.087,0.118,0.082,0.143,0.097,0.0,0.0,0.333,0.4,0.375,0.4,0.125,0.167,0.0,0.0,0.0,0.0,0.122
235,0032100001,1610616834,LBN,Team,201942,DeMar DeRozan,DeMar,G,,26.000000:40,0.099,0.08,0.091,0.0,0.024,1.0,1.0,0.083,0.12,0.108,0.172,0.083,0.0,0.0,0.0,0.0,1.0,0.083
236,0032100001,1610616834,LBN,Team,201939,Stephen Curry,Stephen,G,,36.000000:15,0.344,0.34,0.337,0.762,0.551,0.0,0.0,0.077,0.16,0.132,0.069,0.417,0.143,0.333,0.0,0.25,0.0,0.407
237,0032100001,1610616834,LBN,Team,101108,Chris Paul,Chris,,,2.000000:19,0.143,0.0,0.167,0.0,0.0,0.0,0.0,0.0,0.0,0.0,0.0,0.0,0.0,0.0,0.0,1.0,0.0,0.0
238,0032100001,1610616834,LBN,Team,202710,Jimmy Butler,Jimmy,,,9.000000:20,0.08,0.083,0.091,0.0,0.077,0.0,0.0,0.0,0.0,0.0,0.125,0.0,0.5,0.0,0.0,0.0,0.0,0.067
239,0032100001,1610616834,LBN,Team,1627832,Fred VanVleet,Fred,,,9.000000:20,0.2,0.167,0.182,0.333,0.308,0.0,0.0,0.0,0.286,0.286,0.375,0.333,0.0,0.0,0.0,0.0,1.0,0.2
240,0032100001,1610616834,LBN,Team,1628386,Jarrett Allen,Jarrett,,,23.000000:45,0.141,0.185,0.118,0.0,0.038,0.0,0.0,0.5,0.389,0.409,0.063,0.4,0.143,0.5,0.0,0.2,0.0,0.154
241,0032100001,1610616834,LBN,Team,1629636,Darius Garland,Darius,,,23.000000:45,0.295,0.227,0.308,0.333,0.35,0.0,0.0,0.0,0.077,0.071,0.214,0.2,0.286,0.0,1.0,0.0,0.0,0.245
242,0032100001,1610616834,LBN,Team,1629029,Luka Doncic,Luka,,,24.000000:40,0.163,0.13,0.167,0.167,0.19,0.0,0.0,0.0,0.0,0.0,0.214,0.143,0.0,0.0,0.0,0.0,0.0,0.138
243,0032200001,1610616833,GNS,Team,1628369,Jayson Tatum,Jayson,F,,35.000000:15,0.337,0.361,0.326,0.37,0.316,0.333,0.5,0.167,0.36,0.323,0.176,0.4,0.143,1.0,0.0,0.0,0.6,0.362
244,0032200001,1610616833,GNS,Team,203507,Giannis Antetokounmpo,Giannis,F,,0.000000:20,1.0,1.0,1.0,0.0,0.0,0.0,0.0,0.0,0.0,0.0,0.0,0.0,0.0,0.0,0.0,1.0,0.0,1.0
245,0032200001,1610616833,GNS,Team,1628374,Lauri Markkanen,Lauri,C,,25.000000:52,0.163,0.14,0.186,0.067,0.167,0.0,0.0,0.333,0.294,0.304,0.0,0.0,0.0,0.0,0.0,0.0,0.0,0.125
246,0032200001,1610616833,GNS,Team,1628378,Donovan Mitchell,Donovan,G,,30.000000:08,0.305,0.288,0.309,0.32,0.34,0.667,0.5,0.2,0.136,0.148,0.323,0.222,0.429,0.0,0.5,0.5,0.4,0.303
247,0032200001,1610616833,GNS,Team,1629630,Ja Morant,Ja,G,,19.000000:59,0.065,0.081,0.073,0.0,0.0,0.0,0.0,0.25,0.143,0.167,0.136,0.0,0.2,0.0,0.0,0.0,0.0,0.069
248,0032200001,1610616833,GNS,Team,1628389,Bam Adebayo,Bam,,,23.000000:34,0.055,0.05,0.031,0.0,0.0,0.0,0.0,0.0,0.0,0.0,0.043,0.25,0.0,0.0,0.0,0.0,0.0,0.041
249,0032200001,1610616833,GNS,Team,201942,DeMar DeRozan,DeMar,,,16.000000:01,0.12,0.138,0.128,0.0,0.0,0.0,0.0,0.0,0.375,0.3,0.333,0.0,0.0,0.0,0.0,0.0,0.0,0.113
250,0032200001,1610616833,GNS,Team,203081,Damian Lillard,Damian,,,23.000000:24,0.28,0.231,0.309,0.471,0.488,0.0,0.0,0.167,0.087,0.103,0.182,0.0,0.75,0.0,0.0,0.0,0.0,0.271
251,0032200001,1610616833,GNS,Team,201950,Jrue Holiday,Jrue,,,9.000000:01,0.107,0.063,0.107,0.111,0.167,0.0,0.0,0.0,0.0,0.0,0.286,0.0,0.0,0.0,0.5,0.0,0.0,0.073
252,0032200001,1610616833,GNS,Team,1627783,Pascal Siakam,Pascal,,,15.000000:04,0.205,0.24,0.182,0.0,0.056,0.0,0.0,0.4,0.333,0.35,0.267,0.5,0.0,0.0,0.0,0.0,0.0,0.211
253,0032200001,1610616833,GNS,Team,1627734,Domantas Sabonis,Domantas,,,11.000000:47,0.162,0.158,0.118,0.0,0.0,0.0,0.0,0.0,0.308,0.235,0.091,0.667,0.0,0.0,0.0,0.0,0.0,0.143
254,0032200001,1610616833,GNS,Team,1628983,Shai Gilgeous-Alexander,Shai,,,10.000000:05,0.161,0.222,0.179,0.333,0.111,0.0,0.0,0.667,0.0,0.154,0.7,0.0,0.0,0.0,0.0,0.0,0.0,0.231
255,0032200001,1610616834,LBN,Team,2544,LeBron James,LeBron,F,,14.000000:25,0.234,0.24,0.268,0.333,0.313,0.0,0.0,0.0,0.091,0.067,0.235,0.0,0.0,0.0,0.0,1.0,0.0,0.245
256,0032200001,1610616834,LBN,Team,203954,Joel Embiid,Joel,F,,27.000000:30,0.227,0.28,0.238,0.333,0.216,0.0,0.0,0.125,0.316,0.259,0.114,0.125,0.167,0.5,1.0,0.5,0.0,0.286
257,0032200001,1610616834,LBN,Team,203999,Nikola Jokic,Nikola,C,,20.000000:26,0.092,0.054,0.068,0.0,0.037,0.0,0.0,0.6,0.167,0.294,0.231,0.333,0.5,0.0,0.0,0.0,0.0,0.048
258,0032200001,1610616834,LBN,Team,1629029,Luka Doncic,Luka,G,,18.000000:57,0.095,0.057,0.089,0.0,0.12,0.0,0.0,0.0,0.182,0.125,0.208,0.143,0.0,0.0,0.0,0.0,1.0,0.051
259,0032200001,1610616834,LBN,Team,202681,Kyrie Irving,Kyrie,G,,28.000000:32,0.264,0.269,0.253,0.308,0.205,0.0,0.0,0.25,0.211,0.222,0.417,0.375,0.0,0.0,0.0,0.5,0.0,0.274
260,0032200001,1610616834,LBN,Team,202331,Paul George,Paul,,,17.000000:53,0.233,0.125,0.228,0.0,0.31,0.0,0.0,0.25,0.091,0.133,0.105,0.333,0.5,0.5,0.0,0.0,0.0,0.111
261,0032200001,1610616834,LBN,Team,1628368,De'Aaron Fox,De'Aaron,,,9.000000:16,0.033,0.0,0.034,0.0,0.0,0.0,0.0,0.0,0.0,0.0,0.286,0.0,0.0,0.0,0.0,0.0,0.0,0.0
262,0032200001,1610616834,LBN,Team,203944,Julius Randle,Julius,,,19.000000:35,0.172,0.143,0.167,0.125,0.172,0.0,0.0,0.0,0.118,0.083,0.105,0.25,0.5,0.0,0.0,0.0,1.0,0.141
263,0032200001,1610616834,LBN,Team,1627759,Jaylen Brown,Jaylen,,,25.000000:09,0.342,0.364,0.355,0.333,0.343,0.0,0.0,0.625,0.429,0.483,0.2,0.0,0.667,0.0,0.0,0.0,0.0,0.361
264,0032200001,1610616834,LBN,Team,1630162,Anthony Edwards,Anthony,,,17.000000:03,0.17,0.207,0.154,0.0,0.087,0.0,0.0,0.2,0.214,0.211,0.067,1.0,0.0,0.0,0.0,0.0,0.0,0.19
265,0032200001,1610616834,LBN,Team,1630169,Tyrese Haliburton,Tyrese,,,13.000000:52,0.2,0.28,0.214,0.8,0.316,0.0,0.0,0.0,0.083,0.063,0.176,0.0,0.0,0.0,0.0,0.0,0.0,0.327
266,0032200001,1610616834,LBN,Team,1628991,Jaren Jackson Jr.,Jaren,,,7.000000:52,0.16,0.214,0.16,0.0,0.111,0.0,0.0,0.0,0.2,0.111,0.0,0.0,0.0,0.0,0.0,0.0,0.0,0.2
